"event_date","event_time","country","location_name","latitude","longitude","tsunami_event_validity","tsunami_cause_code","earthquake_magnitude","maximum_water_height","number_of_runups","total_deaths","total_injuries"
"1950-01-30","00:56:32",CHILE,SOUTHERN CHILE,-53.5,-71.5,1,1,7,,0,,
"1950-03-14","18:10:41",NEW ZEALAND,N. NEW ZEALAND,-37.8,177.2,2,1,5,,1,,
"1950-04-30","23:49:24",PANAMA,OFF COAST,6.5,-83.0,0,1,,,1,,
"1950-08-03","22:18:22",VENEZUELA,EL TOCUYO,9.71,-69.819,2,1,6,,1,100,
"1950-08-15","14:09:30",INDIA,INDIA-CHINA,28.5,96.5,2,1,8,0.5,41,1530,
"1950-10-05","16:09:31",COSTA RICA,COSTA RICA-NICARAGUA,11.0,-85.0,4,1,7,2.0,10,,
"1950-10-08","03:23:09",INDONESIA,BANDA SEA,-3.8,128.3,3,1,7,,2,1,
"1950-10-08",,NORWAY,MID-NORWAY,63.433,10.383,1,8,,,0,,
"1950-10-23","16:13:20",GUATEMALA,GUATEMALA,14.31,-91.917,4,1,7,0.2,5,,
"1950-11-08","02:18:12",SOLOMON ISLANDS,SOLOMON SEA,-10.0,159.5,3,1,7,1.2,2,,
"1950-12-02","19:51:49",VANUATU,VANUATU ISLANDS,-18.25,167.5,3,1,7,2.5,5,,
"1950-12-10","02:50:42",PERU,S. PERU,-14.25,-77.75,2,1,7,0.7,1,4,12
"1950-12-14","14:15:49",MEXICO,S. MEXICO,16.48,-98.22,4,1,7,0.3,2,,
"1951-02-22","01:45:48",PAPUA NEW GUINEA,BISMARCK SEA,-3.252,142.238,2,1,6,6.0,1,,
"1951-02-23","16:45:00",USA,"COLUMBIA RIVER VALLEY, WA",,,4,8,,3.0,1,,
"1951-08-03","00:23:58",NICARAGUA,COSIGUINA VOLCANO,13.0,-87.5,1,3,6,,1,,
"1951-08-21","10:57:00",USA,HAWAII,19.5,-156.0,4,1,6,3.6,7,,
"1951-10-22","05:43:01",TAIWAN,TAIWAN,23.8,121.7,4,1,7,0.3,2,68,586
"1951-12-02",,USA TERRITORY,PUERTO RICO,,,2,8,,,1,,
"1951-12-02",,BARBADOS,BARBADOS,,,2,8,,,0,,
"1951-12-21","08:37:29",CHINA,CHINA: GANSU AND SHANXI PROVINCES,26.7,100.0,3,1,6,2.0,1,,
"1951-12-22",,SOLOMON ISLANDS,KAVACHI,-9.02,157.95,3,6,,,0,,
"1952-01-09","08:00:00",NORWAY,MID-NORWAY,64.883,12.417,4,8,,2.0,0,,
"1952-03-04","01:22:41",JAPAN,SE. HOKKAIDO ISLAND,42.15,143.85,4,1,8,6.54,219,33,572
"1952-03-09","17:04:00",JAPAN,SE. HOKKAIDO ISLAND,41.7,143.6,4,1,7,0.3,4,,17
"1952-03-17","03:58:00",USA,HAWAII,19.1,-155.0,4,1,4,3.0,2,,
"1952-03-18",,USA,MISSISSIPPI RIVER,,,1,0,,,0,,
"1952-03-19","10:57:12",PHILIPPINES,"E. OF MINDANO, PHILIPPINES",9.5,127.25,4,1,7,0.33,5,,
"1952-04-10","11:00:00",USA,"COLUMBIA RIVER VALLEY, WA",48.57,-118.15,4,8,,19.81,1,,
"1952-05-06",,USA,"LAKE HURON, MI",43.1,-82.4,4,9,,1.52,3,,
"1952-05-13","19:31:42",COSTA RICA,COSTA RICA-PANAMA,10.088,-85.211,3,1,6,0.07,2,,
"1952-07-13","11:58:33",VANUATU,OFF EAST COAST OF VANUATU,-18.5,169.25,2,1,6,,2,,
"1952-08-17",,USA TERRITORY,DESECHEO ISLAND,18.388,-67.479,2,8,,,1,,
"1952-09-16","02:50:00",JAPAN,MYOJINSHO SUBMARINE VOLCANO,31.888,139.918,4,6,,0.28,1,,
"1952-09-17",,JAPAN,MYOJINSHO SUBMARINE VOLCANO,31.888,139.918,3,6,,,1,,
"1952-09-23","04:20:00",JAPAN,MYOJINSHO SUBMARINE VOLCANO,31.888,139.918,2,6,,0.05,1,,
"1952-09-24","03:23:00",JAPAN,MYOJINSHO SUBMARINE VOLCANO,31.888,139.918,4,6,,0.46,1,31,
"1952-09-26","03:33:00",JAPAN,MYOJINSHO SUBMARINE VOLCANO,31.888,139.918,4,6,,0.36,2,,
"1952-10-13","13:00:00",USA,"COLUMBIA RIVER VALLEY, WA",48.57,-118.15,4,8,,,1,,
"1952-11-04","16:58:27",RUSSIA,KAMCHATKA,52.755,160.057,4,1,9,23.0,331,10000,
"1952-12-02",,BARBADOS,BARBADOS,,,2,8,,,0,,
"1952-12-15","17:00:00",GREENLAND,"SOUTH COAST OF NUUSSUAQ, GREENLAND",70.35,-53.24,4,8,,2.5,2,1,3
"1953-02-14","16:15:00",USA,"COLUMBIA RIVER VALLEY, WA",48.57,-118.15,4,8,,,1,,
"1953-02-15",,PERU,CENTRAL PERU,-12.0,-77.5,2,1,5,0.7,1,,
"1953-02-16","11:43:00",USA,"COLUMBIA RIVER VALLEY, WA",48.57,-118.15,4,8,,4.8,1,,
"1953-03-11",,JAPAN,MYOJINSHO SUBMARINE VOLCANO,31.888,139.918,4,6,,6.0,2,,
"1953-03-17","13:04:00",RUSSIA,N. KURIL ISLANDS,50.0,156.5,3,1,5,3.0,1,,
"1953-03-25",,JAPAN,MYOJINSHO SUBMARINE VOLCANO,31.888,139.918,4,6,,0.05,1,,
"1953-04-23","16:24:34",PAPUA NEW GUINEA,"RABAUL, NEW BRITAIN",-4.449,152.868,1,1,7,,2,,
"1953-05-06","17:16:43",CHILE,CENTRAL CHILE,-36.5,-72.5,1,1,7,,0,9,26
"1953-05-31","19:58:00",DOMINICAN REPUBLIC,PUERTO PLATA,19.8,-70.7,2,1,7,0.06,1,,
"1953-06-27",,PAPUA NEW GUINEA,BISMARCK SEA,-2.4,147.4,3,6,,,1,,
"1953-08-11","03:32:00",GREECE,IONIAN SEA,38.1,20.6,3,1,6,1.0,1,,
"1953-08-12","09:23:52",GREECE,IONIAN SEA,38.3,20.8,3,1,7,,2,476,2412
"1953-08-19","19:00:00",USA,"COLUMBIA RIVER VALLEY, WA",,,4,8,,,1,,
"1953-09-10","04:06:04",CYPRUS,LEVANTIAN SEA,34.741,32.335,3,1,6,,2,40,100
"1953-09-14","00:26:36",FIJI,FIJI ISLANDS,-18.3,178.2,4,3,6,15.0,33,8,61
"1953-11-14",,AUSTRALIA,TASMANIA,-41.0,147.4,1,0,,2.4,1,1,
"1953-11-25","17:48:00",JAPAN,"KASHIMA, JAPAN",34.0,141.7,4,1,7,3.0,33,1,
"1953-12-12","17:31:25",PERU,N. PERU,-3.4,-80.6,4,1,7,1.0,2,6,20
"1954-01-21","14:00:00",ARGENTINA,MAR DEL PLATA,-38.0,-57.0,3,9,,1.0,1,,
"1954-02-11","00:30:15",CHINA,CHINA: GANSU AND SHANXI PROVINCES,,,3,1,7,,1,,
,,ITALY,STROMBOLI ISLAND,38.789,15.213,4,6,,,5,,
"1954-06-26",,USA,"MICHIGAN CITY, IN (LAKE MICHIGAN)",41.7,-86.883,3,9,,3.0,5,7,
"1954-09-09","01:04:43",ALGERIA,SEA OF ALBORAN,36.274,1.594,4,3,6,0.33,4,1243,5000
,,GREENLAND,"APUTITEQ POINT, GREENLAND",67.47,-32.283,2,0,,18.28,1,,
"1954-11-18","20:44:55",JAPAN,"MIYAGI, JAPAN",38.9,142.2,4,1,6,,3,,
"1955-01-18",,VENEZUELA,OFF THE COAST NEAR LA VELA,11.46,-69.57,2,1,5,,1,,
"1955-04-19","16:47:19",GREECE,VOLOS GULF,39.4,23.1,3,1,6,,1,8,149
"1955-04-19","20:24:05",CHILE,CENTRAL CHILE,-30.0,-72.0,4,1,7,1.0,7,1,
"1955-05-17","14:49:49",INDIA,LITTLE NICOBAR ISLAND,6.5,94.0,2,1,7,,0,,
"1955-07-16","07:07:14",GREECE,EAST AEGEAN SEA,37.617,27.284,2,1,6,2.0,2,23,
"1955-09-08","03:27:14",PAPUA NEW GUINEA,SOLOMON SEA,-6.9,155.7,3,1,6,,1,,
"1955-09-23","15:06:23",CHINA,"JINSHA RIVER, YUNNAN PROVINCE",26.6,101.8,3,1,6,1.0,0,,
"1955-10-10","08:57:52",PAPUA NEW GUINEA,BISMARCK SEA,-5.1,152.924,3,1,7,,1,,
"1956-01-08","20:54:13",CHILE,NORTHERN CHILE,-19.0,-70.0,1,1,7,,0,,
"1956-03-02","22:43:00",NEW ZEALAND,"LAKE TAUPO, NORTH ISLAND",-38.9,175.8,3,1,5,0.9,0,,
"1956-03-05","23:29:00",JAPAN,NE. HOKKAIDO ISLAND,44.3,144.1,4,1,6,0.4,1,,
"1956-03-30","06:11:00",RUSSIA,KAMCHATKA,55.978,160.587,2,6,,0.3,13,,
"1956-07-09","03:11:45",GREECE,CYCLADES,36.664,25.957,4,1,7,30.0,100,56,
"1956-07-09","03:24:00",GREECE,"AMORGOS ISLAND, AEGEAN ISLANDS",36.8,25.5,3,1,6,10.0,1,,
"1956-08-12","16:59:37",JAPAN,IZU PENINSULA,33.8,138.8,-1,1,6,,1,,
"1956-11-02","16:04:33",GREECE,NORTH AEGEAN,39.5,23.0,2,1,5,1.2,1,,
"1956-12-18","02:31:03",CHILE,NORTHERN CHILE,-25.5,-71.0,1,1,7,,0,,
"1957-03-09","14:22:31",USA,"ANDREANOF ISLANDS, AK",51.499,-175.626,4,1,8,32.0,332,2,1
"1957-06-22","23:50:23",INDONESIA,NW. IRIAN JAYA,-1.5,137.0,3,1,7,1.8,2,,
"1957-07-28","08:40:01",MEXICO,S. MEXICO,16.5,-99.1,4,1,7,1.3,3,65,
"1957-07-29","17:15:14",CHILE,NORTHERN CHILE,-23.5,-71.5,1,1,7,,0,,
"1957-09-26",,INDONESIA,SOUTH OF JAVA,-8.2,107.3,3,1,5,0.7,0,,
"1957-10-26","14:16:57",INDONESIA,MAKASSAR STRAIT,-2.0,116.0,2,1,6,,1,,
"1957-11-01","05:00:00",USA,HAWAII,,,-1,9,,0.1,5,,
,,SOLOMON ISLANDS,"MALAITA ISLAND, SOLOMON ISLANDS",-8.57,160.72,2,0,,2.7,2,,
"1958-01-19","14:07:27",ECUADOR,COLOMBIA-ECUADOR,1.5,-79.5,4,1,7,,3,115,46
"1958-02-07","23:23:36",CHINA,SICHUAN PROVINCE,31.5,105.0,3,1,6,,1,,
"1958-04-05","17:31:00",CANADA,"RIPPLE ROCK, BC",50.08,-125.3,4,10,,0.46,0,,
"1958-04-09",,PERU,PERU,,,-1,1,,,0,,
"1958-04-21","22:37:46",INDONESIA,"BENGKULU, SUMATRA",-4.5,104.0,2,1,6,,0,,
"1958-07-10","06:15:59",USA,"SE. ALASKA, AK",58.37,-136.665,4,3,7,524.6,17,5,
"1958-09-17","12:24:00",RUSSIA,N. KURIL ISLANDS,48.6,156.1,2,1,5,0.23,1,,
"1958-10-07","10:00:00",VANUATU,KUWAE VOLCANO,-16.829,168.536,1,6,,,1,,
"1958-11-04","22:54:46",PACIFIC OCEAN,EAST PACIFIC RISE,-50.0,-115.0,1,1,6,0.1,1,,
"1958-11-06","22:58:08",RUSSIA,S. KURIL ISLANDS,44.53,148.54,4,1,8,5.0,60,,
"1958-11-12","20:23:00",RUSSIA,S. KURIL ISLANDS,44.2,148.8,2,1,7,1.0,8,,
"1959-01-22","05:10:00",JAPAN,SANRIKU,37.5,142.2,4,1,6,0.8,9,,
"1959-02-07","09:36:51",PERU,N. PERU,-4.0,-81.5,1,1,7,0.4,1,,
"1959-02-23",,GREECE,"GRECIAN ARCHIPELAGO, CRETE",40.63,22.97,1,0,,1.0,4,,
"1959-04-09","12:24:20",RUSSIA,S. KURIL ISLANDS,44.3,149.0,2,1,5,0.1,1,,
"1959-05-04","07:15:42",RUSSIA,KAMCHATKA,52.5,159.5,4,1,8,0.2,7,,
"1959-05-07",,NORWAY,NORTHERN NORWAY,69.817,20.917,4,8,,4.0,1,9,
"1959-08-17","21:04:40",SOLOMON ISLANDS,SOLOMON ISLANDS,-7.5,156.0,4,1,7,1.0,5,,
"1959-08-18","06:37:20",USA,"HEGBEN LAKE, MONTANA",44.63,-110.891,0,3,7,1.0,1,28,
"1959-08-29","17:03:10",RUSSIA,LAKE BAYKAL (BAIKAL),52.0,106.5,0,1,6,,0,,
"1959-10-26","07:35:00",JAPAN,SANRIKU,37.5,143.2,4,1,6,0.11,8,,
"1960-01-13","15:40:34",PERU,S. PERU,-15.75,-72.75,1,1,7,5.7,1,,
"1960-02-29","23:40:12",MOROCCO,MOROCCO,30.5,-9.5,1,1,6,,1,13100,25000
"1960-03-20","17:07:30",JAPAN,SANRIKU,39.8,143.4,4,1,7,1.0,19,,
"1960-03-23","00:23:00",JAPAN,SANRIKU,39.4,143.7,4,1,6,0.75,12,,
"1960-05-21","10:02:50",CHILE,CENTRAL CHILE,-37.872,-73.243,4,1,8,0.5,7,,
"1960-05-22","19:11:17",CHILE,SOUTHERN CHILE,-38.143,-73.407,4,1,9,25.0,1277,2226,3000
"1960-05-24",,CHILE,SOUTHERN CHILE,,,-1,0,6,,0,,
"1960-06-11","15:14:09",PAPUA NEW GUINEA,SOLOMON SEA,-9.4,152.3,3,1,6,,1,,
"1960-07-29","17:31:45",JAPAN,SANRIKU,40.3,142.5,4,1,6,0.3,5,,
"1960-11-01","08:45:59",CHILE,SOUTHERN CHILE,-38.5,-75.1,1,1,7,,0,,
"1960-11-20","22:01:56",PERU,N. PERU,-6.8,-80.7,3,1,6,9.0,19,66,2
"1961-01-16","07:20:00",JAPAN,"KASHIMA, JAPAN",36.0,142.3,4,1,6,0.4,5,,
"1961-01-16","11:19:00",JAPAN,"KASHIMA, JAPAN",36.0,141.9,4,1,6,0.4,2,,
"1961-01-16","12:12:00",JAPAN,"KASHIMA, JAPAN",36.2,141.9,4,1,6,0.4,4,,
"1961-02-12","21:53:00",RUSSIA,S. KURIL ISLANDS,43.2,147.9,4,1,6,1.0,5,,
"1961-02-26","18:10:48",JAPAN,SEIKAIDO,31.6,131.8,4,1,7,0.65,34,2,7
"1961-03-18",,SOLOMON ISLANDS,"HONIARA, GUADALCANAL",-9.43,159.95,2,1,,3.6,2,,
"1961-05-23","02:45:19",TURKEY,ASIA MINOR,36.693,28.594,2,1,6,,0,,
"1961-06-06",,ITALY,AEGEAN SEA,,,1,9,,0.9,3,,
"1961-06-16","10:31:57",COLOMBIA,NORTHEASTERN,8.9,-73.4,4,1,6,,1,,
"1961-07-18","14:04:00",JAPAN,RYUKYU ISLANDS,29.6,131.8,4,1,6,0.2,6,,
"1961-07-23","21:51:10",VANUATU,VANUATU ISLANDS,-18.421,168.411,3,1,7,0.9,2,,
"1961-08-01","05:39:54",SOLOMON ISLANDS,SOLOMON SEA,-9.849,160.614,2,1,6,0.9,0,,
"1961-08-11","15:51:00",JAPAN,SE. HOKKAIDO ISLAND,42.9,145.6,4,1,7,0.1,9,,
"1961-10-18","16:51:57",CHILE,CENTRAL CHILE,-36.7,-73.0,1,1,6,,0,,
"1961-11-15","07:17:00",JAPAN,SE. HOKKAIDO ISLAND,42.7,145.7,4,1,6,0.1,9,,
"1962-01-11","05:05:00",CROATIA,DALMATIAN COASTS,43.3,17.1,3,1,6,0.04,1,1,
"1962-03-12","11:40:16",PANAMA,COSTA RICA-PANAMA,8.008,-82.757,3,1,6,0.1,2,,
"1962-04-12","00:52:43",JAPAN,SANRIKU,38.073,142.741,4,1,7,1.0,12,,
"1962-04-23","05:58:00",JAPAN,SE. HOKKAIDO ISLAND,42.2,143.9,4,1,7,0.1,10,,
"1962-05-11","14:11:54",MEXICO,S. MEXICO,17.2,-99.6,4,1,7,0.81,1,4,
"1962-05-19","14:58:15",MEXICO,S. MEXICO,17.2,-99.5,3,1,7,0.34,1,3,16
"1962-05-21","12:21:00",JAPAN,OFF COAST OF HONSHU ISLAND,41.8,142.4,2,1,5,0.1,1,,
"1962-05-28","22:57:47",GREECE,NORTH AEGEAN SEA,39.8,25.0,1,1,4,,1,,
"1962-12-21","08:42:43",USA,"FOX ISLANDS, ALEUTIAN ISLANDS, AK",52.47,-168.54,1,1,6,,1,,
"1963-02-07","19:28:00",GREECE,CORINTH GULF,38.31,22.02,4,8,,6.0,9,2,12
"1963-02-13","08:50:04",TAIWAN,E. TAIWAN-RYUKYU ISLANDS,24.4,122.1,4,1,7,0.2,2,15,18
"1963-03-28","10:00:00",CANADA,"GRAHAM ISLAND, BRITISH COLUMBIA",54.0,-132.25,3,0,,5.5,7,1,
"1963-03-30",,INDONESIA,LESSER SUNDA: BALI: AGUNG VOLCANO,-8.342,115.508,2,6,,,2,1028,624
"1963-09-18","16:58:14",TURKEY,MARMARA SEA,40.698,29.159,4,1,6,1.0,1,1,
"1963-09-24","16:30:16",PERU,CENTRAL PERU,-10.385,-78.022,2,1,7,,0,1,
"1963-10-09","21:39:00",ITALY,"VAJONT DAM, VAJONT RIVER",46.267,12.329,4,8,,235.0,6,2000,
"1963-10-12","11:27:00",RUSSIA,S. KURIL ISLANDS,44.426,149.272,4,1,7,0.12,3,,
"1963-10-13","05:17:53",RUSSIA,S. KURIL ISLANDS,44.772,149.798,4,1,8,4.5,91,,
"1963-10-20","00:53:10",RUSSIA,S. KURIL ISLANDS,44.772,150.563,4,1,7,15.0,22,,
"1963-12-16","01:51:31",INDONESIA,JAVA,-6.4,105.4,2,1,6,,1,,
"1963-12-18","00:30:00",TONGA,TONGA TRENCH,-24.8,-176.6,2,1,7,,1,,
"1964-03-20","16:00:00",USA,"GULF OF ALASKA, AK",,,2,0,,0.08,1,,
"1964-03-28","03:36:16",USA,"PRINCE WILLIAM SOUND, AK",60.908,-147.339,4,3,9,51.8,428,139,
"1964-04-02","01:11:51",INDONESIA,OFF NORTHWEST COAST OF INDONESIA,5.8,95.4,3,3,7,,1,,
"1964-05-07","07:58:00",JAPAN,NW. HONSHU ISLAND,40.3,139.0,4,1,6,0.6,35,,
"1964-05-07","20:13:00",JAPAN,NW. HONSHU ISLAND,40.4,139.0,3,1,6,,2,,
"1964-05-19","00:00:00",USA,"LONG ISLAND, NY",40.8,-73.1,3,8,,0.28,11,,
"1964-06-16","04:01:44",JAPAN,NW. HONSHU ISLAND,38.65,139.2,4,1,7,5.8,168,26,450
"1964-07-24","08:12:39",RUSSIA,S. KURIL ISLANDS,47.159,153.876,4,1,6,0.08,5,,
"1964-11-17","08:15:39",PAPUA NEW GUINEA,NEW BRITAIN,-5.7,150.7,3,1,7,0.05,1,,
"1964-12-10","15:11:07",JAPAN,NW. HONSHU ISLAND,40.4,138.9,4,1,6,0.1,4,,
"1965-01-24","00:11:12",INDONESIA,SANANA ISLAND,-2.4,126.1,4,1,7,,4,71,
"1965-01-30","09:20:00",USA,"COLUMBIA RIVER VALLEY, WA",,,3,8,,,1,1,
"1965-02-04","05:01:22",USA,"RAT ISLANDS, ALEUTIAN ISLANDS, AK",51.251,178.715,4,1,8,10.7,84,,
"1965-02-19",,CHILE,SOUTHERN CHILE,-41.755,-72.396,4,7,,60.0,1,27,
"1965-02-23","22:11:46",CHILE,NORTHERN CHILE,-25.67,-70.63,1,1,7,,0,,
"1965-03-09","17:57:53",GREECE,AEGEAN SEA,39.4,24.0,3,1,6,,2,38,253
"1965-03-22","22:56:28",CHILE,CENTRAL CHILE,-31.81,-71.26,1,1,6,,0,,
"1965-03-30","02:27:03",USA,"RAT ISLANDS, ALEUTIAN ISLANDS, AK",50.32,177.93,4,1,7,0.1,3,,
"1965-04-19","23:42:00",JAPAN,AICHI PREFECTURE,34.9,139.0,-1,1,6,0.1,2,,
"1965-06-11","03:34:02",RUSSIA,S. KURIL ISLANDS,44.7,148.7,4,1,7,0.1,6,,
"1965-07-02","20:58:38",USA,"FOX ISLANDS, ALEUTIAN ISLANDS, AK",53.03,-167.55,4,1,6,0.08,3,,
"1965-07-06","03:18:45",GREECE,NORTH CORINTH GULF,38.384,22.545,3,3,6,3.0,2,2,6
"1965-08-11","22:31:45",VANUATU,VANUATU ISLANDS,-15.8,167.2,4,1,7,7.0,4,,
"1965-08-13","12:40:32",VANUATU,VANUATU ISLANDS,-15.9,166.8,3,1,7,2.0,2,,
"1965-08-23","19:46:02",MEXICO,MEXICO,16.3,-95.8,4,1,7,0.4,1,6,
"1965-09-28",,PHILIPPINES,"TAAL, LUZON ISLAND",14.002,120.993,4,6,,4.7,1,355,
"1965-10-03","16:14:56",CHILE,SOUTHERN CHILE,-42.9,-75.13,2,1,6,,0,,
"1965-10-24",,GRENADA,KICK 'EM JENNY VOLCANO,12.3,-61.63,1,6,,,0,,
"1966-03-12","16:31:21",TAIWAN,E. TAIWAN-RYUKYU ISLANDS,24.1,122.6,3,1,7,0.1,5,7,11
"1966-05-08",,NORWAY,EASTERN NORWAY,59.6,10.633,4,8,,6.0,0,,
"1966-06-15","00:59:42",SOLOMON ISLANDS,SOLOMON ISLANDS,-10.343,160.883,3,1,7,0.2,3,,
"1966-07-12","18:53:00",RUSSIA,BLACK SEA,44.75,37.0,4,1,5,0.2,7,,
"1966-10-17","21:41:56",PERU,CENTRAL PERU,-10.748,-78.638,4,1,8,3.0,60,110,3000
"1966-11-28",,SOLOMON ISLANDS,"MOHAWK BAY, SANTA CRUZ ISLANDS",-10.28,166.23,1,0,,,1,,
"1966-12-28","08:18:07",CHILE,NORTHERN CHILE,-25.5,-70.7,4,1,7,0.42,13,3,6
"1966-12-31","18:23:11",SOLOMON ISLANDS,SANTA CRUZ ISLANDS,-11.893,166.445,4,1,7,2.0,7,,
"1966-12-31","22:15:16",SOLOMON ISLANDS,SANTA CRUZ ISLANDS,-12.334,166.684,4,1,7,0.8,1,,
,,SOLOMON ISLANDS,"TINAKULA, SANTA CRUZ ISLANDS",-10.38,165.8,3,6,,,0,,
"1967-01-15","13:47:55",ICELAND,ICELAND: CENTRAL-SOUTH,63.67,-19.56,4,8,,75.0,1,,
"1967-03-19","04:01:38",RUSSIA,S. KURIL ISLANDS,45.53,151.11,1,1,7,,0,,
"1967-04-11","05:09:12",INDONESIA,MAKASSAR STRAIT,-3.7,119.3,3,1,5,,2,71,100
"1967-04-12","04:51:50",INDONESIA,NORTHEAST SUMATRA,5.5,97.3,3,1,6,,1,14,
"1967-07-30","00:00:04",VENEZUELA,CARACAS,10.559,-67.33,4,1,6,0.08,1,300,1536
"1967-08-13","22:15:10",PAPUA NEW GUINEA,BISMARCK SEA,-4.4,152.5,4,1,6,0.1,1,,
"1967-09-03",,PERU,CENTRAL PERU,-10.6,-79.8,2,1,7,2.0,2,,
,,USA,"GREWINGK, AK",59.621,-151.106,3,8,,60.0,1,,
"1967-11-15","21:31:54",CHILE,NORTHERN CHILE,-28.78,-71.19,1,1,5,,0,,
"1967-12-04",,ANTARCTICA,"TELEPHONE BAY, DECEPCION ISLAND",-63.0,-60.5,1,6,,1.0,1,,
"1967-12-04",,USA TERRITORY,NORTHERN COAST OF PUERTO RICO,,,1,0,,,6,,
"1967-12-21","02:25:23",CHILE,NORTHERN CHILE,-21.7,-69.5,3,1,7,,1,1,
"1968-01-29","10:19:07",RUSSIA,S. KURIL ISLANDS,43.586,146.701,4,1,7,0.18,17,,
"1968-02-19","22:45:45",GREECE,"LEMNOS ISLAND, NORTH AEGEAN SEA",39.368,24.957,4,1,7,1.2,3,20,18
"1968-04-01","00:42:04",JAPAN,SEIKAIDO,32.3,132.5,4,1,7,3.07,62,1,22
"1968-04-18","19:38:15",ITALY,LIGURIA-COTE D'AZUR,44.08,8.0,3,1,4,3.0,1,,
"1968-05-04",,CHILE,EASTER ISLAND REGION,-27.15,-109.45,3,0,,,1,,
"1968-05-16","00:48:55",JAPAN,OFF EAST COAST OF HONSHU ISLAND,40.8,143.2,4,1,8,6.0,330,52,330
"1968-05-16","10:39:01",JAPAN,OFF COAST OF HONSHU ISLAND,41.5,142.7,4,1,7,0.58,10,,
"1968-06-12","13:41:50",JAPAN,SANRIKU,39.4,143.1,4,1,7,0.95,28,,
"1968-07-25","07:23:07",NEW ZEALAND,KERMADEC ISLANDS,-30.8,-178.4,2,1,7,0.05,1,,
"1968-08-01","20:19:21",PHILIPPINES,E. LUZON ISLAND,16.5,122.2,4,1,7,0.16,40,270,261
"1968-08-02","14:06:43",MEXICO,ACAPULCO,16.519,-97.739,3,1,7,,1,18,
"1968-08-05","07:17:00",JAPAN,SEIKAIDO-NANKAIDO,33.3,132.2,1,1,6,0.03,1,,
"1968-08-10","02:07:04",INDONESIA,N. MOLUCCAS ISLANDS,1.4,126.2,4,1,7,0.4,22,,
"1968-08-14","22:14:19",INDONESIA,BANDA SEA,0.2,119.8,4,1,7,10.0,7,200,58
"1968-09-03","08:19:52",TURKEY,BLACK SEA,41.8,32.3,4,1,6,3.0,2,24,200
"1968-09-20","06:00:05",VENEZUELA,CARUPANO,10.697,-62.748,2,1,6,,1,3,
"1968-09-25","10:38:39",MEXICO,S. MEXICO-GUATEMALA-NICARAGUA,15.573,-92.536,1,1,6,2.0,0,20,500
"1969-02-23","00:36:58",INDONESIA,MAKASSAR STRAIT,-3.201,118.904,4,1,7,4.0,5,664,97
"1969-02-28","02:40:32",PORTUGAL,PORTUGAL,36.017,-10.95,4,1,7,0.9,19,25,80
"1969-03-21",,PHILIPPINES,LUZON ISLAND,19.077,122.202,2,6,,,1,3,
"1969-03-31",,EGYPT,GULF OF SUEZ,27.7,34.0,3,1,7,,1,2,16
"1969-04-12","05:44:00",SWEDEN,NORSALV RIVER,59.4,13.5,3,8,,5.0,1,,
"1969-04-21","07:19:00",JAPAN,RYUKYU ISLANDS,32.2,132.1,4,1,6,0.1,6,,
"1969-07-17","05:00:00",ATLANTIC OCEAN,SOUTHWEST IBERIAN,28.25,-16.26,4,0,,0.06,4,,
"1969-07-18","05:24:50",CHINA,BOHAI SEA,38.2,119.4,4,1,7,0.1,3,10,353
"1969-08-02","04:30:29",PAPUA NEW GUINEA,BISMARCK SEA,-6.6,146.9,4,3,5,,1,,
"1969-08-11","21:26:36",RUSSIA,S. KURIL ISLANDS,43.6,147.9,4,1,8,5.0,76,,
"1969-08-27","01:30:00",SOUTH AFRICA,SOUTH AFRICA,,,3,9,,2.9,15,,
"1969-11-22","23:09:37",RUSSIA,KAMCHATKA,57.7,163.6,4,1,7,15.0,17,,
"1969-12-25","21:32:27",GUADELOUPE (FRENCH TERRITORY),GRAND BOURG,15.8,-59.7,4,1,7,0.23,3,,
"1970-01-10","12:07:08",PHILIPPINES,PHILIPPINE TRENCH,6.8,126.7,4,1,7,0.06,1,,
"1970-03-11","22:38:34",USA,"ANDREANOF ISLANDS, AK",57.5,-153.9,3,1,6,0.03,2,,
"1970-04-07","05:34:05",PHILIPPINES,PHILIPPINE SEA,15.78,121.71,3,1,7,,1,15,200
"1970-05-14","18:12:00",RUSSIA,CASPIAN SEA,43.0,47.1,3,1,6,,0,,
"1970-05-31","20:23:27",PERU,N. PERU,-9.2,-78.8,4,1,7,0.46,15,66794,50000
"1970-06-14",,CHILE,SOUTHERN CHILE,-52.0,-73.8,2,1,6,,0,,
"1970-06-19","10:56:13",CHILE,NORTHERN CHILE,-22.28,-70.55,2,1,6,,0,,
"1970-07-25","22:41:10",JAPAN,SEIKAIDO,32.2,131.7,4,1,7,0.32,35,,13
"1970-09-28","19:01:00",NEW ZEALAND,NEW ZEALAND,-44.64,173.62,2,1,5,1.0,1,,
"1970-09-30","09:52:22",PHILIPPINES,PHILIPPINE TRENCH,20.6,122.0,3,1,5,,1,,
"1970-10-31","17:53:09",PAPUA NEW GUINEA,PAPUA NEW GUINEA,-4.907,145.471,4,3,7,3.0,3,18,20
"1970-11-28","11:08:40",CHILE,NORTHERN CHILE,-20.94,-69.81,2,1,6,,0,,
"1970-12-04","01:59:25",RUSSIA,BLACK SEA,43.84,39.34,4,1,5,0.8,1,,
"1971-03-19",,PERU,CHUNGAR,-11.13,-76.53,4,8,,30.0,2,600,
"1971-05-02","06:08:27",USA,"ANDREANOF ISLANDS, AK",51.228,-177.173,4,1,7,0.04,1,,
"1971-07-09","03:03:18",CHILE,CENTRAL CHILE,-32.5,-71.2,4,1,7,0.6,1,83,447
"1971-07-14","06:11:29",PAPUA NEW GUINEA,SOLOMON SEA,-5.5,153.9,4,1,7,6.0,32,3,5
"1971-07-26","01:23:21",PAPUA NEW GUINEA,SOLOMON SEA,-4.9,153.2,4,1,7,10.0,39,,
"1971-08-02","07:24:56",JAPAN,JAPAN TRENCH,41.4,143.5,4,1,7,0.51,17,,
"1971-09-05","18:35:25",RUSSIA,TATAR STRAIT,46.5,141.2,4,1,7,2.0,29,,
"1971-09-06","13:37:10",RUSSIA,TATAR STRAIT,46.7,141.4,4,1,5,0.32,11,,
"1971-09-06","20:00:00",SOLOMON ISLANDS,"TINAKULA, SANTA CRUZ ISLANDS",-10.38,165.8,4,6,,,1,,
"1971-09-08","11:48:23",RUSSIA,TATAR STRAIT,46.4,141.1,4,1,6,0.09,2,,
"1971-09-08","16:59:52",RUSSIA,TATAR STRAIT,46.3,140.9,4,1,6,0.07,1,,
"1971-09-25","04:36:14",PAPUA NEW GUINEA,BISMARCK SEA,-6.5,146.6,2,3,7,1.8,1,,
"1971-09-27","19:01:45",RUSSIA,TATAR STRAIT,46.4,141.1,4,1,6,0.03,1,,
"1971-11-06","22:00:00",USA,"RAT ISLANDS, ALEUTIAN ISLANDS, AK",51.5,179.1,2,1,5,0.1,2,,
"1971-12-15","08:29:55",RUSSIA,KAMCHATKA,56.0,163.3,4,1,7,0.47,12,,
"1972-01-25","02:06:23",TAIWAN,E. TAIWAN,22.5,122.3,4,1,7,0.05,2,1,
"1972-02-29","09:22:59",JAPAN,EAST OFF HACHIJO ISLAND,33.3,140.8,4,1,7,0.42,28,,
"1972-06-08","18:53:41",CHILE,CENTRAL CHILE,-30.5,-71.8,2,1,6,,0,,
"1972-07-30","21:45:14",USA,"SE. ALASKA, AK",56.82,-135.685,4,3,7,0.1,3,,
"1972-08-17","23:44:05",PAPUA NEW GUINEA,SOLOMON SEA,-6.0,152.9,4,1,7,0.6,1,,
"1972-08-26","08:15:00",PAPUA NEW GUINEA,SOLOMON SEA,-6.7,147.0,3,8,,1.5,2,,
"1972-09-06","11:42:23",JAPAN,JAPAN,32.9,130.3,-1,1,5,,0,,
"1972-10-09",,PAPUA NEW GUINEA,"RITTER ISLAND, PAPUA NEW GUINEA",-5.52,148.121,2,6,,,1,,
"1972-12-02","00:19:47",PHILIPPINES,"MINDANAO ISLAND, PHILIPPINES",6.5,126.6,2,1,7,0.5,32,,
"1972-12-04","10:16:12",JAPAN,CHICHI JIMA,33.3,140.7,4,1,7,0.5,39,,
"1972-12-29","04:51:01",CHILE,CENTRAL CHILE,-30.6,-71.0,2,1,5,,0,,
"1973-01-30","21:01:12",MEXICO,S. MEXICO,18.48,-103.0,4,1,7,1.13,9,56,390
"1973-02-28","06:37:49",RUSSIA,N. KURIL ISLANDS,50.5,156.6,4,1,7,1.5,7,,
"1973-03-17","08:30:51",PHILIPPINES,QUEZON,13.4,122.8,4,1,7,1.3,2,15,64
"1973-06-17","03:55:02",JAPAN,HOKKAIDO ISLAND,43.2,145.8,4,1,7,5.96,72,,27
"1973-06-24","02:43:25",RUSSIA,S. KURIL ISLANDS,43.3,146.4,4,1,7,0.64,32,,1
"1973-06-26","22:32:00",RUSSIA,S. KURIL ISLANDS,43.2,146.6,4,1,6,0.21,2,,
"1973-10-05","05:47:51",CHILE,CENTRAL CHILE,-32.5,-71.5,4,1,6,0.2,1,,
,,INDONESIA,LESSER SUNDA ISLANDS,-8.54,123.59,1,6,,,0,2,
"1974-01-31","23:30:05",SOLOMON ISLANDS,SOLOMON ISLANDS,-7.5,155.9,4,1,7,1.5,2,,
"1974-02-01","03:12:33",SOLOMON ISLANDS,SOLOMON ISLANDS,-7.4,155.6,4,1,7,4.5,4,,
"1974-05-08","23:33:25",JAPAN,TOKAIDO,34.6,138.7,4,1,6,0.2,5,30,137
"1974-08-18","10:44:12",CHILE,SOUTHERN CHILE,-38.5,-73.4,1,1,7,,0,,
"1974-09-27","05:47:29",RUSSIA,S. KURIL ISLANDS,43.2,146.7,4,1,6,0.37,3,,
"1974-10-03","14:21:29",PERU,CENTRAL PERU,-12.27,-77.79,4,1,8,0.92,36,78,2414
"1974-10-17","19:05:00",CANADA,"KITIMAT INLET, BRITISH COLOMBIA",54.0,-128.7,4,8,,2.8,0,,
"1974-10-17",,PAPUA NEW GUINEA,"RITTER ISLAND, PAPUA NEW GUINEA",-5.52,148.121,4,6,,0.5,2,,
"1974-12-28","12:11:43",PAKISTAN,PAKISTAN,35.1,72.9,2,1,6,,0,5300,17000
"1975-01-15","09:42:24",INDONESIA,BANDA SEA,-5.0,130.0,1,1,5,,1,,
"1975-03-05","00:22:19",INDONESIA,SANANA ISLAND,-2.444,126.145,3,1,6,1.2,1,,
"1975-03-13","15:26:42",CHILE,CENTRAL CHILE,-29.9,-71.3,1,1,6,,0,2,25
"1975-04-27","18:05:00",CANADA,"KITIMAT INLET, BRITISH COLUMBIA",53.98,-128.68,4,8,,4.1,5,,
"1975-05-26","09:11:51",ATLANTIC OCEAN,AZORES GIBRALTAR FRACTURE ZONE,35.962,-17.576,4,1,7,0.5,8,,
"1975-06-10","13:47:14",RUSSIA,S. KURIL ISLANDS,43.024,147.734,4,1,7,5.5,52,,
"1975-07-20","14:37:39",PAPUA NEW GUINEA,SOLOMON SEA,-6.59,155.054,4,1,7,2.0,18,,
"1975-10-31","08:28:02",PHILIPPINES,PHILIPPINE TRENCH,12.54,125.993,4,1,7,3.0,28,1,
"1975-11-29","14:47:40",USA,HAWAII,19.451,-155.033,4,3,7,14.3,78,2,19
"1975-12-16","21:01:39",FIJI,FIJI ISLANDS,-18.672,178.464,3,3,4,0.25,1,,
"1975-12-26","15:56:38",SAMOA,SAMOA ISLANDS,-16.265,-172.467,4,1,7,0.38,3,,
"1976-01-14","16:47:33",NEW ZEALAND,KERMADEC ISLANDS,-28.427,-177.657,4,1,8,0.9,15,,
"1976-01-21","10:05:24",RUSSIA,S. KURIL ISLANDS,44.915,149.123,4,1,7,0.38,5,,
"1976-02-04","09:01:43",GUATEMALA,GUATEMALA,15.324,-89.101,4,1,7,0.12,1,23000,76000
"1976-07-11","16:54:31",PANAMA,PANAMA,7.4,-78.1,1,1,6,,0,5,7
"1976-08-16","16:11:07",PHILIPPINES,MORO GULF,6.292,124.09,4,1,8,9.0,28,8000,10000
"1977-03-08",,BRAZIL,"CASSINO BEACH, RIO GRANDE DO SUL",,,3,9,,,1,1,
"1977-04-02","07:15:22",SAMOA,SAMOA ISLANDS,-16.696,-172.095,4,1,7,0.08,2,,
"1977-04-20","23:13:10",SOLOMON ISLANDS,SOLOMON ISLANDS,-9.828,163.323,4,1,6,0.15,6,34,
"1977-04-20","23:42:50",SOLOMON ISLANDS,SOLOMON ISLANDS,-9.89,160.348,4,1,7,,1,,
"1977-04-21","04:24:09",SOLOMON ISLANDS,SOLOMON ISLANDS,-9.965,160.731,4,1,8,0.04,5,18,1
"1977-06-22","12:08:33",TONGA,TONGA TRENCH,-22.878,-175.9,4,1,7,0.4,19,1,5
"1977-08-19","06:08:55",INDONESIA,SUNDA ISLANDS,-11.164,118.378,4,1,8,15.0,16,189,75
"1977-08-20",,PAPUA NEW GUINEA,ADMIRALTY ISLANDS,-1.1,146.2,-1,1,5,0.5,0,,
"1977-08-28","20:10:05",PAPUA NEW GUINEA,ADMIRALTY ISLANDS,-1.081,146.23,2,1,5,0.6,1,,
"1977-10-10","11:53:53",TONGA,TONGA TRENCH,-25.856,-175.406,2,1,7,0.03,2,,
"1978-01-14","03:24:39",JAPAN,TOKAIDO,34.809,139.259,4,1,6,0.35,14,25,129
"1978-03-22","00:50:32",RUSSIA,S. KURIL ISLANDS,44.026,149.002,4,1,6,0.07,2,,
"1978-03-22","21:34:33",RUSSIA,S. KURIL ISLANDS,44.14,149.029,4,1,6,0.05,2,,
"1978-03-23","00:31:02",RUSSIA,S. KURIL ISLANDS,44.209,148.971,4,1,6,0.17,4,,
"1978-03-23","03:15:20",RUSSIA,S. KURIL ISLANDS,44.932,148.439,4,1,7,0.3,15,,
"1978-03-24","19:47:50",RUSSIA,S. KURIL ISLANDS,44.244,148.862,4,1,7,0.65,20,,
"1978-04-29",,NORWAY,NORWAY: RISSA,63.56,9.94,4,8,,6.8,0,1,
"1978-06-12","08:14:26",JAPAN,SANRIKU,38.19,142.03,4,1,7,0.6,31,28,1000
"1978-06-12",,INDIA,INDIA,,,-1,1,,,0,,
"1978-06-14","12:32:33",PHILIPPINES,"MINDANAO ISLAND, PHILIPPINES",8.249,122.403,3,1,6,0.03,1,,
"1978-06-20","20:03:21",GREECE,"THESSALONIKI (SALONICA), GREECE",40.739,23.229,2,1,6,0.45,5,50,
"1978-06-21",,ITALY,"EASTERN ITALY, ADRIATIC SEA",,,3,9,,3.0,8,,
"1978-07-23","14:42:36",TAIWAN,TAIWAN,22.282,121.512,3,1,7,0.05,1,,
"1978-08-14","14:17:50",SPAIN,CADIZ,36.37,-6.98,4,1,4,0.12,1,,
"1978-10-10",,NEW ZEALAND,OFF EAST COAST OF SOUTH ISLAND,-43.08,172.97,4,8,,,1,,
"1978-11-29","19:52:47",MEXICO,MEXICO,16.01,-96.591,2,1,7,1.5,1,9,
,,VIETNAM,TRA CO COAST,21.4,108.0,1,0,,3.0,0,,
"1979-02-20","06:32:32",JAPAN,"IWATE, JAPAN",40.232,143.703,4,1,6,0.12,11,,
"1979-02-28","21:27:08",USA,"SE. ALASKA, AK",60.691,-141.671,4,3,7,0.15,2,,
"1979-03-14","11:07:16",MEXICO,S. MEXICO,17.813,-101.276,4,1,7,1.3,3,5,35
"1979-03-31",,JAPAN,"NAGASAKI, JAPAN",,,3,9,,4.8,2,3,
"1979-04-09","02:10:20",MONTENEGRO,MONTENEGRO: BAR ULCINJ,41.956,19.023,1,1,5,,0,,
"1979-04-15","06:19:44",MONTENEGRO,MONTENEGRO,42.096,19.209,4,1,6,3.0,6,131,1001
"1979-05-15","06:59:21",GREECE,CRETE,34.53,24.437,0,1,5,,1,,
"1979-07-18",,INDONESIA,LOMBLEN ISLAND [LEMBATA],-8.6,123.5,4,8,,9.0,1,1239,32
"1979-08-09",,INDONESIA,LOMBLEN ISLAND [LEMBATA],-8.5,123.5,-1,8,,,1,,
"1979-09-03","02:12:00",VENEZUELA,PUERTO CUMAREBO,11.517,-69.5,2,8,5,,1,,
"1979-09-12","05:17:51",INDONESIA,IRIAN JAYA,-1.679,136.04,4,1,7,2.0,2,115,
"1979-10-06",,NORWAY,NORTHERN NORWAY,65.117,12.333,4,8,,2.0,1,,
"1979-10-16","13:57:00",FRANCE,FRENCH RIVIERA (LIGURIAN SEA),43.7,7.25,4,8,,10.0,6,9,
"1979-11-16","15:21:25",FIJI,FIJI ISLANDS,-16.76,179.984,2,1,6,,1,,
"1979-12-12","07:59:05",COLOMBIA,"COLOMBIA: OFF SHORE, PACIFIC OCEAN",1.555,-79.276,4,1,8,6.0,54,600,20000
"1980-01-01","16:42:42",PORTUGAL,AZORES,38.727,-27.75,4,1,6,0.41,2,69,600
"1980-02-23","05:51:03",RUSSIA,S. KURIL ISLANDS,43.53,146.753,4,1,7,0.16,10,,
"1980-05-12","16:37:34",VANUATU,VANUATU ISLANDS,-14.464,167.902,3,1,6,,0,,
"1980-05-18",,USA,WASHINGTON,46.2,-122.18,4,7,,250.0,2,61,
"1980-05-22",,PORTUGAL,AZORES,39.374,-31.229,3,8,,,0,,
"1980-06-29","07:20:05",JAPAN,HONSHU ISLAND,34.808,139.181,4,1,6,0.56,16,,7
"1980-07-08","23:19:19",VANUATU,SANTA CRUZ IS. VANUATU,-12.41,166.381,3,1,7,,1,,
"1980-07-17","19:42:23",SOLOMON ISLANDS,SOLOMON ISLANDS,-12.525,165.916,4,1,7,0.14,35,,
"1980-10-10","12:25:26",ALGERIA,EL ASNAM,36.199,1.374,4,3,7,0.7,6,5000,9000
"1981-01-18","18:17:24",JAPAN,E. HONSHU ISLAND,38.64,142.75,4,1,6,0.37,28,,
"1981-02-24","20:53:38",GREECE,ATHENS-EASTERN GULF OF CORINTH,38.222,22.934,4,1,6,1.0,4,22,400
"1981-03-04","21:58:05",GREECE,GULF OF CORINTH,38.209,23.288,3,1,6,1.0,0,,
"1981-05-11","07:10:00",SOUTH AFRICA,AGULHAS BANK,-35.616,20.267,2,8,,0.29,9,,
"1981-05-25","05:25:14",NEW ZEALAND,NEW ZEALAND,-48.786,164.357,4,1,7,0.3,1,,
"1981-09-01","09:29:31",SAMOA,SAMOA ISLANDS,-14.96,-173.085,4,1,7,1.0,4,,
"1981-10-20",,INDONESIA,KRAKATAU,-6.102,105.423,3,7,,2.0,1,,
"1981-10-25","03:22:15",MEXICO,MEXICO,18.084,-102.084,4,1,7,0.09,1,3,28
"1982-01-11","06:10:06",PHILIPPINES,PHILIPPINES,13.752,124.358,2,1,7,0.1,1,,
"1982-02-24","04:22:40",INDONESIA,JAVA TRENCH,4.374,97.755,2,1,5,,0,,
"1982-03-11","10:32:27",INDONESIA,SUMBAWA ISLAND,-9.265,118.479,1,1,6,0.1,0,,
"1982-03-21","02:32:07",JAPAN,HOKKAIDO ISLAND,42.158,142.361,4,1,6,1.3,31,110,100
"1982-07-23","14:23:53",JAPAN,"IBARAKI, JAPAN",36.194,141.702,4,1,7,0.4,22,,
"1982-12-19","17:43:54",TONGA,KERMADEC ISLANDS,-24.133,-175.864,4,1,7,0.2,4,,
"1982-12-25","12:28:02",INDONESIA,FLORES SEA,-8.405,123.08,-1,3,6,,0,13,390
"1982-12-28","06:37:42",JAPAN,S. OF HONSHU ISLAND,33.826,139.434,4,1,6,0.19,1,,
"1983-01-17","12:41:29",GREECE,IONIAN SEA,38.026,20.228,3,1,7,,1,,
"1983-03-12","01:36:35",INDONESIA,BANDA SEA,-4.056,127.924,4,1,6,3.0,1,,
"1983-03-18","09:05:50",PAPUA NEW GUINEA,NEW BRITAIN,-4.883,153.581,4,1,7,0.13,4,,
"1983-04-03","02:50:02",COSTA RICA,COSTA RICA,8.677,-83.098,3,1,7,0.13,3,6,
"1983-05-26","02:59:59",JAPAN,"NOSHIRO, JAPAN",40.462,139.102,4,1,7,14.93,235,104,324
"1983-06-09","12:49:03",JAPAN,"NOSHIRO, JAPAN",40.249,138.948,4,1,5,0.6,1,,
"1983-06-21","06:25:27",JAPAN,N. HONSHU ISLAND,41.346,139.099,4,1,6,1.0,27,,
"1983-08-06","15:43:51",GREECE,NORTH AEGEAN SEA,40.142,24.766,2,1,7,,1,,
"1983-08-17","10:55:54",RUSSIA,"KAMCHATKA BAY, RUSSIA",55.867,161.287,4,1,7,0.1,1,,
"1983-08-17","12:17:56",PHILIPPINES,LUZON ISLAND,18.231,120.86,4,1,6,0.1,1,16,47
"1983-08-17",,INDONESIA,LESSER SUNDA ISLANDS,-8.54,123.59,1,6,,,0,,
"1983-08-18","09:00:00",NORWAY,WESTERN NORWAY,61.233,7.717,4,8,,7.0,1,,
"1983-10-04","18:52:13",CHILE,NORTHERN CHILE,-26.535,-70.563,4,1,7,0.2,1,5,12
"1983-11-30","17:46:00",UK TERRITORY,CHAGOS ARCHIPELAGO REGION,-6.852,72.11,4,1,7,1.5,3,,
,,USA,"BROWNSVILLE, WA",47.67,-122.615,1,8,,0.6,1,,
"1984-01-08","15:24:13",INDONESIA,SULAWESI,-2.823,118.806,1,1,6,,0,2,89
"1984-02-11","08:02:52",GREECE,"CORINTHOS GULF, GREECE",38.308,22.11,4,3,5,,1,,
"1984-03-24","09:44:02",RUSSIA,S. KURIL ISLANDS,44.117,148.192,4,1,7,0.2,3,,
"1984-06-13","02:29:25",JAPAN,"TORI SHIMA, OKINAWA",31.448,140.036,4,1,5,0.5,9,,
"1984-08-06","19:06:38",JAPAN,"KYUSHU, JAPAN",32.386,131.945,4,1,7,0.2,6,,9
"1984-08-15",,CAMEROON,LAKE MONOUN,6.25,10.5,3,5,,5.0,1,37,
"1984-09-18","17:02:44",JAPAN,HONSHU ISLAND,34.006,141.5,4,1,6,0.13,12,,
"1984-12-28","10:37:53",RUSSIA,KAMCHATKA,56.194,163.46,4,1,6,0.2,2,,
"1985-03-03","22:47:09",CHILE,CENTRAL CHILE,-33.132,-71.708,4,1,8,3.5,64,180,2575
"1985-03-16","14:54:00",GUADELOUPE (FRENCH TERRITORY),GUADELOUPE,17.013,-62.448,4,1,6,0.12,1,,6
"1985-04-13","01:06:00",INDONESIA,BALI ISLAND,-9.245,114.185,2,1,6,2.0,1,,
"1985-06-12",,CHINA,"QUYUAN, ZIGUI COUNTY",30.945,110.795,3,8,,54.0,0,10,
"1985-07-03","04:36:51",PAPUA NEW GUINEA,NEW IRELAND,-4.439,152.828,4,3,7,1.3,2,,
"1985-09-19","13:17:47",MEXICO,MEXICO,18.19,-102.533,4,1,8,3.0,19,9500,30000
"1985-09-21","01:37:13",MEXICO,MEXICO,17.802,-101.647,4,1,7,1.2,3,,
"1986-05-07","22:47:10",USA,"ANDREANOF ISLANDS, AK",51.52,-174.776,4,1,8,0.9,66,,
"1986-05-17","16:20:22",USA,"ANDREANOF ISLANDS, AK",52.327,-174.504,1,1,6,,0,,
"1986-08-21",,CAMEROON,LAKE NYOS,6.25,10.5,4,6,,75.0,1,1700,300
"1986-10-20","06:46:09",NEW ZEALAND,KERMADEC ISLANDS,-28.117,-176.367,4,1,7,0.22,8,,
"1986-11-14","21:20:10",TAIWAN,TAIWAN,23.901,121.574,4,1,7,0.3,5,15,50
"1987-02-06","13:16:17",JAPAN,E. HONSHU ISLAND,36.988,141.689,4,1,6,0.1,3,,
"1987-02-08","18:33:58",PAPUA NEW GUINEA,SOLOMON SEA,-6.088,147.689,4,1,7,1.5,1,3,
"1987-02-21","07:40:00",NORWAY,WESTERN NORWAY,62.2,6.65,4,8,,3.0,1,,
"1987-03-05","09:17:05",CHILE,NORTHERN CHILE,-24.388,-70.161,4,1,7,0.2,6,1,
"1987-03-18","03:36:30",JAPAN,KYUSHU ISLAND,32.034,131.837,4,1,6,0.04,1,2,5
"1987-03-24","12:49:47",JAPAN,HONSHU ISLAND,37.447,137.865,4,1,5,0.16,3,,
"1987-05-20",,NEW ZEALAND,DEEP COVE,-45.46,167.15,4,8,,,1,,
"1987-06-18","14:03:16",SOLOMON ISLANDS,SOLOMON ISLANDS,-10.717,162.33,1,1,6,,1,,
"1987-07-06","02:49:42",VANUATU,VANUATU ISLANDS,-14.074,167.828,3,1,6,0.1,1,,
"1987-10-06","04:19:06",TONGA,TONGA ISLANDS,-17.94,-172.225,4,1,7,0.25,2,,
"1987-10-12","13:57:04",PAPUA NEW GUINEA,SOLOMON SEA,-7.288,154.371,4,1,7,0.04,1,,
"1987-10-16","20:48:01",PAPUA NEW GUINEA,SOLOMON SEA,-6.266,149.06,4,1,7,0.07,2,,
"1987-11-17","08:46:53",USA,"GULF OF ALASKA, AK",58.586,-143.27,4,1,7,0.06,1,,
"1987-11-26","01:43:14",INDONESIA,TIMOR SEA,-8.247,124.155,-1,1,6,0.1,0,,
"1987-11-30","19:23:19",USA,"GULF OF ALASKA, AK",58.679,-142.786,4,1,7,0.43,10,,
"1988-02-05","14:01:02",CHILE,NORTHERN CHILE,-24.753,-70.433,4,1,7,0.1,1,,
"1988-03-06","22:35:36",USA,"GULF OF ALASKA, AK",57.262,-142.747,4,1,7,0.19,9,,
"1988-04-20","05:30:00",ITALY,"LA FOSSA VOLCANO, VULCANO IS.",38.4,14.967,4,8,,2.0,1,,
"1988-04-30",,USA,S. CALIFORNIA,,,-1,9,,,1,,
"1988-06-24","02:06:26",PHILIPPINES,NORTH OF LUZON ISLAND,18.606,121.013,4,1,5,1.03,2,,
"1988-07-05","20:32:07",PAPUA NEW GUINEA,PAPUA NEW GUINEA,-5.964,148.78,4,1,6,,2,,
"1988-08-06","00:36:24",BANGLADESH,"JAMUNA RIVER, ARICHA, BANGLADESH",25.149,95.127,0,1,7,,0,5,42
"1988-08-10","04:38:29",SOLOMON ISLANDS,SOLOMON ISLANDS,-10.258,160.896,4,1,7,0.09,2,1,
"1988-08-20","23:09:09",BANGLADESH,BANGLADESH,26.755,86.616,0,1,6,,1,998,
"1989-05-23","10:54:46",AUSTRALIA,MACQUARIE ISLAND,-52.341,160.568,4,1,8,0.15,4,,
"1989-06-26","03:27:03",USA,HAWAII,19.362,-155.083,4,3,6,0.29,3,,
"1989-09-04","13:14:58",USA,"SEMIDI ISLANDS, AK",55.543,-156.835,4,1,7,0.1,2,,
"1989-10-18","00:04:15",USA,N. CALIFORNIA,37.036,-121.883,4,1,6,1.0,3,62,3757
"1989-10-29","05:25:38",JAPAN,N. HONSHU ISLAND,39.571,143.333,4,1,6,0.11,4,,
"1989-10-29","19:09:12",ALGERIA,"ALGIERS, CHERCHELL, TIPAZA",36.788,2.448,2,1,5,,1,30,245
"1989-11-01","10:25:52",USA TERRITORY,PUERTO RICO,18.986,-68.833,3,1,4,0.1,1,,
"1989-11-01","18:25:34",JAPAN,JAPAN,39.837,142.76,3,1,7,0.9,12,,
"1990-02-08","07:15:32",PHILIPPINES,PHILIPPINES,9.755,124.694,4,1,6,2.1,0,,300
"1990-02-20","06:53:39",JAPAN,JAPAN,34.706,139.252,4,1,6,0.16,1,,
"1990-03-25","13:22:57",COSTA RICA,COSTA RICA,9.907,-84.753,4,1,7,1.0,4,,15
"1990-04-05","21:12:35",USA TERRITORY,"MARIANA TRENCH, N. MARIANA ISLANDS",15.125,147.596,4,1,7,1.8,34,,
,,PHILIPPINES,"CANIGUIN IS.,PHILIPPINES",7.0,126.0,1,0,,5.0,1,,
"1990-06-20","21:00:09",IRAN,CASPIAN SEA,36.957,49.409,3,3,7,2.0,6,40000,105000
"1990-09-23","21:13:07",JAPAN,"W. OF BONIN ISLANDS, IZU IS., JAPAN",33.267,138.643,4,1,6,0.2,4,,
"1990-12-13","00:24:25",ITALY,EASTERN SICILY,37.3,15.438,4,1,5,,1,19,200
"1990-12-13","19:50:17",TAIWAN,TAIWAN,23.722,121.627,4,1,6,0.04,2,,
"1991-01-04",,GREECE,EAST AEGEAN SEA,37.7,26.3,1,0,,,1,,
"1991-02-09","16:18:58",SOLOMON ISLANDS,SOLOMON ISLANDS,-9.929,159.139,4,1,6,0.02,1,,
"1991-02-16","01:23:40",RUSSIA,N. KURIL ISLANDS,48.268,154.328,4,1,5,0.1,1,,
"1991-02-21","02:35:34",USA,"BERING SEA, AK",58.427,-175.45,4,1,6,0.15,2,,
"1991-04-22","21:56:51",COSTA RICA,"LIMON, PANDORA",9.685,-83.073,4,1,7,3.0,43,90,895
"1991-05-07",,GREECE,EAST AEGEAN SEA,37.133,26.833,1,9,,0.5,1,,
"1991-10-14","15:58:12",SOLOMON ISLANDS,SOLOMON ISLANDS,-9.094,158.442,4,1,7,0.15,2,,
,,CHINA,AOSHAN,29.95,122.14,3,8,,3.0,0,,
"1991-12-22","08:43:13",RUSSIA,S. KURIL ISLANDS,45.533,151.021,1,1,7,0.52,6,,
"1992-01-05","06:00:00",CHINA,SOUTH CHINA SEA,18.0,108.0,4,3,3,0.8,5,,
"1992-04-25","18:06:04",USA,"CAPE MENDOCINO, N. CALIFORNIA",40.368,-124.316,4,1,7,1.8,14,,98
"1992-05-17","10:15:31",PHILIPPINES,PHILIPPINES,7.191,126.762,4,1,7,6.0,3,,
"1992-05-27","05:13:38",SOLOMON ISLANDS,SANTA CRUZ ISLANDS,-11.122,165.239,4,1,7,,1,,
"1992-07-03",,USA,"DAYTONA BEACH, FL",,,2,9,,3.0,4,,75
"1992-07-18","08:36:58",JAPAN,HONSHU ISLAND,39.419,143.33,4,1,7,0.3,4,,
"1992-08-11","15:14:55",JAPAN,HONSHU,32.536,141.641,1,1,6,,0,,
"1992-09-02","00:16:03",NICARAGUA,NICARAGUA,11.5,-87.609,4,1,7,9.9,83,170,489
"1992-12-12","05:29:26",INDONESIA,FLORES SEA,-8.48,121.896,4,3,7,26.2,111,2500,2103
"1993-02-07","13:27:42",JAPAN,HONSHU ISLAND,37.634,137.245,4,1,6,0.5,1,,
"1993-03-12","14:01:35",WALLIS AND FUTUNA (FRENCH TERRITORY),FUTUNA,-14.385,-178.252,3,1,6,,1,5,20
"1993-06-08","13:03:36",RUSSIA,KAMCHATKA,51.218,157.829,4,1,7,0.1,6,,
"1993-06-18","11:52:54",NEW ZEALAND,KERMADEC ISLANDS,-28.886,-176.819,1,1,6,,1,,
"1993-07-12","13:17:11",JAPAN,SEA OF JAPAN,42.851,139.197,4,1,7,32.0,196,231,233
"1993-08-07","19:42:41",JAPAN,JAPAN,41.985,139.839,4,1,6,0.16,1,,
"1993-08-08","08:34:24",USA TERRITORY,"GUAM, MARIANA ISLANDS",12.982,144.801,4,1,7,2.4,50,,48
"1993-11-13","01:18:04",RUSSIA,KAMCHATKA,51.934,158.647,4,1,7,0.05,1,,
"1994-01-04",,USA,"COREA HARBOR, MAINE",44.4,-67.97,1,9,,1.5,1,,
"1994-01-17","12:30:55",USA,"WEST COAST, USA",34.213,-118.537,3,1,6,0.1,0,60,7000
"1994-01-21","02:24:29",INDONESIA,HALMAHERA,1.015,127.733,4,1,7,2.0,3,9,300
"1994-02-12","17:58:23",VANUATU,VANUATU ISLANDS,-20.553,169.361,3,1,7,0.03,1,,
"1994-02-15","17:07:43",INDONESIA,SOUTHERN SUMATRA,-4.967,104.302,-1,1,6,,0,,
"1994-04-08","01:10:40",JAPAN,HOKKAIDO ISLAND,40.608,143.683,4,1,6,0.11,3,,
"1994-04-28","11:30:00",NORWAY,WESTERN NORWAY,61.267,6.583,4,8,,4.0,1,,
"1994-05-24","04:00:42",TAIWAN,TAIWAN,23.959,122.448,1,1,6,0.02,1,,
"1994-06-02","18:17:34",INDONESIA,SOUTH OF JAVA,-10.477,112.835,4,1,7,13.9,74,238,423
"1994-06-03","21:06:59",INDONESIA,SOUTH OF JAVA,-10.362,112.892,4,1,6,3.7,1,,
"1994-06-04","00:57:50",INDONESIA,SOUTH OF JAVA,-10.777,113.366,2,1,6,,0,,
"1994-06-05","01:45:02",INDONESIA,SOUTH OF JAVA,-10.341,113.369,4,1,6,3.0,1,,
"1994-07-08",,USA,HAWAII,19.421,-155.287,2,7,,,0,,
"1994-07-13","02:35:56",VANUATU,VANUATU ISLANDS,-16.62,167.518,3,1,7,0.08,1,,
"1994-09-01","15:15:53",USA,N. CALIFORNIA,40.402,-125.68,4,1,7,0.07,1,,
"1994-09-16","06:20:18",TAIWAN,TAIWAN STRAIT,22.528,118.711,4,1,6,0.24,3,1,400
"1994-09-17","16:51:33",PAPUA NEW GUINEA,RABAUL HARBOR,-4.166,152.429,4,4,4,0.3,1,,
"1994-09-18",,PAPUA NEW GUINEA,PAPUA NEW GUINEA,-4.238,152.214,4,6,,3.0,4,4,
"1994-10-04","13:22:55",RUSSIA,S. KURIL ISLANDS,43.773,147.321,4,1,8,10.4,119,11,382
"1994-10-08","21:44:07",INDONESIA,HALMAHERA,-1.258,127.98,4,1,6,3.0,1,1,52
"1994-10-09","07:55:39",RUSSIA,S. KURIL ISLANDS,43.905,147.916,4,1,7,0.2,2,,
"1994-11-04","04:12:00",USA,"SKAGWAY, AK",59.5,-135.3,4,8,,9.0,2,1,
"1994-11-14","19:15:30",PHILIPPINES,PHILIPPINE ISLANDS,13.525,121.067,4,1,7,7.3,56,81,225
"1994-12-28","12:19:23",JAPAN,"TOHUKU, JAPAN",40.525,143.419,4,1,7,0.53,13,3,200
,,RUSSIA,KERCH STRAIT,45.22,36.72,3,8,,0.5,0,,
"1995-01-16","20:46:53",JAPAN,"KOBE, JAPAN",34.59,135.069,4,1,6,0.34,2,6434,43792
"1995-04-07","22:06:56",SAMOA,SAMOA ISLANDS,-15.199,-173.529,4,1,7,0.09,3,,
"1995-04-21","00:34:46",PHILIPPINES,SAMAR ISLAND,12.059,125.58,4,1,7,0.2,1,,
"1995-04-21","05:17:01",PHILIPPINES,SAMAR ISLAND,12.047,125.92,4,1,6,0.2,0,,
"1995-05-13","08:47:12",GREECE,GREECE,40.149,21.695,-1,1,6,,1,,
"1995-05-14","11:33:21",INDONESIA,TIMOR SEA,-8.452,125.049,4,3,6,4.0,2,11,19
"1995-05-16","20:12:44",NEW CALEDONIA,LOYALTY ISLANDS,-23.008,169.9,4,1,7,8.0,11,,
"1995-05-27","13:03:52",RUSSIA,SAKHALIN ISLAND,52.629,142.827,4,1,7,0.1,2,1989,750
"1995-06-15","00:15:48",GREECE,GULF OF CORINTH: AIYION,38.401,22.283,4,3,6,1.0,2,26,60
"1995-07-30","05:11:23",CHILE,NORTHERN CHILE,-23.34,-70.294,4,1,8,3.0,91,3,58
"1995-08-16","10:27:28",PAPUA NEW GUINEA,SOLOMON SEA,-5.799,154.178,4,1,7,0.28,3,,
"1995-09-14","14:04:31",MEXICO,S. MEXICO,16.779,-98.597,3,1,7,0.4,1,3,100
"1995-10-09","15:35:53",MEXICO,S. MEXICO,19.055,-104.205,4,1,8,11.0,35,50,200
"1995-10-18","10:37:26",JAPAN,RYUKYU ISLANDS,27.929,130.175,4,1,7,2.59,42,,1
"1995-10-19","02:41:36",JAPAN,RYUKYU ISLANDS,28.094,130.148,4,3,6,1.5,16,,
"1995-11-01","00:35:32",CHILE,NORTHERN CHILE,-28.906,-71.417,4,1,6,0.07,1,,
"1995-11-22","04:15:11",EGYPT,GULF OF ELAT-AQABA,28.826,34.799,4,1,7,4.0,7,11,47
"1995-12-03","18:01:08",RUSSIA,S. KURIL ISLANDS,44.663,149.3,4,1,7,1.1,38,,
"1996-01-01","08:05:10",INDONESIA,SULAWESI,0.729,119.931,4,1,7,3.43,16,9,63
"1996-01-01",,GREECE,W. CORINTH GULF,38.367,22.083,4,8,,2.0,1,,
"1996-01-02","15:40:00",RUSSIA,"KARYMSKOYE, KAMCHATKA, RUSSIA",54.05,159.43,4,6,,30.0,1,,
"1996-02-17","05:59:30",INDONESIA,IRIAN JAYA,-0.891,136.952,4,1,8,7.7,116,164,432
"1996-02-21","12:51:01",PERU,N. PERU,-9.593,-79.587,4,1,7,5.04,59,12,57
"1996-02-25","03:08:15",MEXICO,MEXICO,15.978,-98.07,4,1,7,0.1,1,,
"1996-04-24","08:00:00",SWITZERLAND,LAKE BRIENZ,46.73,7.97,3,8,,0.5,0,,
"1996-06-10","04:03:35",USA,"ANDREANOF ISLANDS, AK",51.564,-177.632,4,1,7,0.51,65,,
"1996-06-10","15:24:56",USA,"ANDREANOF ISLANDS, AK",51.478,-176.847,4,1,7,0.18,1,,
"1996-09-04","18:16:01",JAPAN,HONSHU ISLAND,31.555,139.931,4,1,5,0.3,14,,
"1996-09-05","08:14:14",CHILE,EASTER ISLAND REGION,-22.118,-113.436,4,1,6,0.09,2,,
"1996-09-05","23:42:06",TAIWAN,TAIWAN REGION,21.898,121.498,4,1,6,0.11,3,,
"1996-10-18","10:50:20",JAPAN,KYUSHU ISLAND,30.568,131.093,4,1,6,0.2,1,,
"1996-10-19","14:44:40",JAPAN,KYUSHU ISLAND,31.885,131.468,4,1,6,0.55,6,,
"1996-11-12","16:59:44",PERU,S. PERU,-14.993,-75.675,4,1,7,0.4,4,14,560
"1996-12-02","22:17:59",JAPAN,SEA OF JAPAN,31.789,131.314,4,1,6,0.2,4,,
"1997-03-12",,NEW CALEDONIA,NEW CALEDONIA,-21.7,168.0,3,0,,2.0,1,,
"1997-04-10",,HONDURAS,GULF OF FONSECA,13.1,-87.6,1,0,,15.0,1,,
"1997-04-18",,AUSTRALIA,NORFOLK ISLAND,,,1,0,,,1,,
"1997-04-21","12:02:26",SOLOMON ISLANDS,SANTA CRUZ IS. VANUATU,-12.584,166.676,4,1,7,3.0,41,,
"1997-07-09","19:24:13",VENEZUELA,CARIACO-CUMANA,10.598,-63.486,3,1,7,,1,81,522
"1997-09-30","06:27:24",JAPAN,S. OF HONSHU ISLAND,31.959,141.878,4,1,6,0.03,1,,
"1997-10-14","09:53:18",TONGA,TONGA ISLANDS,-22.1,-176.77,4,1,7,0.1,1,,
"1997-12-05","11:26:54",RUSSIA,KAMCHATKA,54.841,162.035,4,1,7,8.0,19,,
"1997-12-14","03:30:00",RUSSIA,KAMCHATKA,54.841,162.035,3,8,,8.0,1,,
"1997-12-26","08:00:00",MONTSERRAT,WHITE RIVER VALLEY,16.72,-62.18,4,7,,3.0,1,,
"1998-03-19","18:30:00",NORWAY,WESTERN NORWAY,61.183,5.267,4,8,,6.0,1,,
"1998-03-25","03:12:25",ANTARCTICA,BALLENY ISLANDS,-62.877,149.527,3,1,8,0.08,4,,
"1998-05-03","23:30:21",TAIWAN,TAIWAN:  SOUTHEAST OF,22.306,125.308,4,1,7,0.13,15,,
"1998-05-30","18:18:15",JAPAN,SANRIKU,39.027,143.441,4,1,6,0.01,0,,
"1998-07-17","08:49:16",PAPUA NEW GUINEA,PAPUA NEW GUINEA,-2.943,142.582,4,3,7,15.03,93,1636,1000
"1998-11-29","14:10:31",INDONESIA,TALIABU ISLAND,-2.071,124.891,2,1,7,2.75,1,41,107
"1999-01-20",,MONTSERRAT,SOUFRIERE HILLS VOLCANO,16.722,-62.18,4,6,,2.0,3,,
"1999-08-17","00:01:39",TURKEY,"KOCAELI, TURKEY",40.76,29.97,4,1,7,2.52,26,17118,50000
"1999-09-13",,FRENCH POLYNESIA,FATU HIVA,-10.52,-138.67,4,8,,8.0,9,,
"1999-11-26","13:21:15",VANUATU,VANUATU ISLANDS,-16.423,168.214,4,1,7,6.6,53,10,100
"2000-01-26",,PHILIPPINES,"TAWI-TAWI, PHILIPPINES",5.1,120.15,-1,9,,20.0,4,,
"2000-04-05","04:36:59",GREECE,CRETE,34.22,25.69,4,3,5,0.5,1,,
"2000-05-04","04:21:16",INDONESIA,SULAWESI,-1.105,123.573,4,1,7,6.0,2,54,264
"2000-06-18","14:44:13",AUSTRALIA,SOUTH INDIAN OCEAN,-13.802,97.453,4,1,7,0.3,1,,
"2000-07-01","07:01:55",JAPAN,"KOZU-SHIMA ISLAND, HONSHU",34.221,139.131,4,1,6,0.07,4,1,
"2000-07-08",,RUSSIA,KERCH STRAIT,45.12,36.7,3,8,,0.5,1,,
"2000-07-15","01:30:30",JAPAN,HONSHU: S COAST,34.319,139.26,4,1,6,0.07,1,,10
"2000-07-30","12:25:45",JAPAN,HONSHU: S COAST,33.901,139.376,4,1,6,0.14,1,,1
"2000-11-04","19:30:00",USA,"POINT ARGUELLO, S. CALIFORNIA",34.5,-120.65,1,8,,4.6,1,,
"2000-11-16","04:54:55",PAPUA NEW GUINEA,BISMARCK SEA,-4.001,152.327,4,1,8,3.0,10,2,
"2000-11-21","18:04:50",GREENLAND,"PAATUUT, GREENLAND",70.25,-52.75,4,8,,50.0,4,,
"2001-01-13","17:33:32",EL SALVADOR,EL SALVADOR,13.049,-88.66,3,1,7,0.25,1,844,4723
"2001-06-23","20:33:14",PERU,S. PERU,-16.265,-73.641,4,1,8,8.8,152,103,2713
"2001-10-12","05:02:34",CANADA,QUEEN CHARLOTTE ISLANDS,52.63,-132.2,4,1,6,0.11,4,,
"2001-12-18","04:02:58",TAIWAN,TAIWAN,23.954,122.734,4,1,6,0.16,6,,
"2002-01-02","17:22:48",VANUATU,VANUATU ISLANDS,-17.6,167.856,4,1,7,3.0,2,,
"2002-03-05","21:16:09",PHILIPPINES,"MINDANAO ISLAND, PHILIPPINES",6.033,124.249,4,1,7,3.0,3,15,100
"2002-03-24",,GREECE,DODECANESE ISLANDS,36.45,28.2,3,0,,4.0,1,,
"2002-03-26","03:45:48",JAPAN,JAPAN,23.346,124.09,3,1,6,0.05,3,,
"2002-03-31","06:52:50",TAIWAN,TAIWAN,24.279,122.179,4,1,7,0.2,11,5,200
"2002-09-07",,BRAZIL,ARRAIAL DO CABO,,,3,9,,0.7,1,,
"2002-09-08","18:44:25",PAPUA NEW GUINEA,BISMARCK SEA,-3.26,142.94,4,1,7,5.5,88,4,70
"2002-09-13","22:28:29",INDIA,"ANDAMAN ISLANDS, INDIA",13.036,93.068,4,1,6,,4,2,
"2002-10-10","10:50:20",INDONESIA,IRIAN JAYA,-1.757,134.297,1,1,7,5.0,3,8,632
"2002-11-04",,NEW ZEALAND,ALBERT TOWN,-44.7,169.2,4,8,,,1,,
"2002-12-30","12:15:00",ITALY,STROMBOLI ISLAND,38.789,15.213,4,7,,10.9,41,,
"2003-01-20","08:43:06",SOLOMON ISLANDS,SOLOMON ISLANDS,-10.491,160.77,4,1,7,2.0,2,,
"2003-01-22","02:06:34",MEXICO,S. MEXICO,18.77,-104.104,4,1,7,0.61,6,29,300
"2003-05-21","18:44:20",ALGERIA,N. ALGERIA,36.964,3.634,4,1,6,3.0,44,2287,11000
"2003-05-27","17:11:28",ALGERIA,ALGIERS,36.939,3.578,4,1,5,0.08,2,9,200
"2003-07-04",,USA,"WARREN DUNES, MICHIGAN",,,3,9,,,0,7,
"2003-07-12",,MONTSERRAT,SOUFRIERE HILLS VOLCANO,16.722,-62.18,4,6,,4.0,5,,
"2003-07-14",,CHINA,"QINGGAN RIVER, HUBEI PROVINCE",30.97,110.605,3,8,,39.0,1,,
"2003-08-04","04:37:20",ANTARCTICA,SCOTIA SEA,-60.532,-43.411,4,1,7,,1,,
"2003-08-14","05:14:54",GREECE,IONIAN SEA,39.16,20.605,3,1,6,0.5,1,,50
"2003-08-21","12:12:49",NEW ZEALAND,SOUTH ISLAND,-45.104,167.144,4,3,7,4.0,3,,
"2003-09-25","19:50:06",JAPAN,HOKKAIDO ISLAND,41.815,143.91,4,1,8,4.4,268,2,849
"2003-10-31","01:06:28",JAPAN,E. HONSHU ISLAND,37.812,142.619,4,1,7,0.32,4,,
"2003-11-17","06:43:06",USA,"RAT ISLANDS, ALEUTIAN ISLANDS, AK",51.146,178.65,4,1,7,0.33,20,,
"2003-12-27","16:00:59",NEW CALEDONIA,LOYALTY ISLANDS,-22.015,169.766,4,1,7,0.15,2,,
"2004-01-03","16:23:21",NEW CALEDONIA,LOYALTY ISLANDS,-22.253,169.683,3,1,7,0.07,1,,
"2004-01-28","22:15:30",INDONESIA,SERAM ISLAND,-3.12,127.4,4,1,6,,1,,
"2004-02-11","08:15:03",JORDAN,DEAD SEA,31.675,35.551,4,1,5,1.0,1,,4
"2004-08-24",,FRANCE,MARSEILLES,43.3,5.37,3,8,,,1,,
"2004-09-05","10:07:07",JAPAN,SOUTH COAST HONSHU ISLAND,33.07,136.618,4,1,7,0.63,12,,4
"2004-09-05","14:57:18",JAPAN,SOUTH COAST HONSHU ISLAND,33.184,137.071,4,1,7,0.93,24,,40
"2004-11-02","10:02:12",CANADA,VANCOUVER ISLAND,49.277,-128.772,4,1,6,0.06,2,,
"2004-11-11","21:26:41",INDONESIA,KEPULAUAN ALOR,-8.152,124.868,4,1,7,2.0,3,34,400
"2004-11-21","11:41:07",GUADELOUPE (FRENCH TERRITORY),"BASSE-TERRE, LES SAINTES",15.679,-61.706,4,1,6,2.0,9,1,12
"2004-11-22","20:26:23",NEW ZEALAND,PUYSEGUR TRENCH,-46.676,164.721,4,1,7,,1,,
"2004-11-28","18:32:14",JAPAN,HOKKAIDO ISLAND,43.006,145.119,4,1,7,0.12,2,,24
"2004-12-23","14:59:04",AUSTRALIA,MACQUARIE ISLAND,-49.312,161.345,4,1,8,0.3,5,,
"2004-12-26","00:58:53",INDONESIA,OFF W. COAST OF SUMATRA,3.295,95.982,4,1,9,50.9,2176,227899,
"2005-01-19","06:11:36",JAPAN,E. HONSHU ISLAND,34.064,141.491,4,1,6,0.39,11,,
"2005-02-14","18:05:59",GUADELOUPE (FRENCH TERRITORY),DOMINICA PASSAGE,15.775,-61.744,3,1,5,,2,,
"2005-03-28","16:09:36",INDONESIA,INDONESIA,2.085,97.108,4,1,8,4.2,76,1319,340
"2005-04-10","10:29:11",INDONESIA,KEPULAUAN MENTAWAI,-1.644,99.607,4,1,6,0.4,1,,
"2005-06-15","02:50:53",USA,N. CALIFORNIA,41.301,-125.97,4,1,7,0.1,5,,
"2005-08-16","02:46:28",JAPAN,E. COAST HONSHU ISLAND,38.276,142.039,4,1,7,0.05,1,,56
"2005-11-14","21:38:51",JAPAN,E. COAST HONSHU ISLAND,38.107,144.896,4,1,7,0.42,1,,
"2005-12-09","01:57:00",CANADA,BRITISH COLUMBIA,,,4,9,,0.08,14,,
"2006-01-01","07:11:57",JAPAN,S. OF HONSHU ISLAND,31.394,140.131,3,1,5,,0,,
"2006-03-14","06:57:33",INDONESIA,SERAM ISLAND,-3.595,127.214,4,1,6,3.5,1,4,
"2006-05-03","15:26:40",TONGA,TONGA,-20.187,-174.123,4,1,8,0.27,55,,1
"2006-05-20","11:20:00",MONTSERRAT,SOUFRIERE HILLS VOLCANO,16.722,-62.18,4,6,,1.0,4,,
"2006-06-15",,SPAIN,"CIUTADELLA, MENORCA ISLAND",40.0,3.83,4,9,,6.0,1,,
"2006-07-17","08:19:26",INDONESIA,SOUTH OF JAVA,-9.284,107.419,4,1,7,20.9,211,802,498
"2006-08-27",,SOUTH KOREA,YELLOW SEA,,,2,9,,,1,1,
"2006-09-28","06:22:09",SAMOA,SAMOA ISLANDS,-16.592,-172.033,4,1,6,0.08,1,,
"2006-10-15","17:07:49",USA,HAWAII,19.878,-155.935,4,1,6,0.1,1,,
"2006-10-23","21:17:19",JAPAN,"IZU ISLANDS, JAPAN",29.351,140.27,4,1,6,0.16,5,,
"2006-11-13","08:02:44",TAIWAN,SOUTH CHINA SEA,20.656,119.997,4,1,5,0.15,1,,
"2006-11-15","11:14:13",RUSSIA,S. KURIL ISLANDS,46.592,153.266,4,1,8,21.9,261,,1
"2006-12-26","12:26:21",TAIWAN,TAIWAN,21.799,120.547,4,1,7,0.12,7,2,40
"2007-01-13","04:23:21",RUSSIA,S. KURIL ISLANDS,46.243,154.524,4,1,8,0.4,47,,
"2007-03-25","00:40:01",VANUATU,VANUATU ISLANDS,-20.617,169.357,4,1,7,0.08,2,,
"2007-03-25","00:41:57",JAPAN,HONSHU: W COAST,37.336,136.588,4,1,6,0.1,3,1,359
"2007-03-31",,SOUTH KOREA,YELLOW SEA,,,3,9,,1.65,2,4,
"2007-04-01","20:39:56",SOLOMON ISLANDS,SOLOMON ISLANDS,-8.46,157.044,4,1,8,12.1,247,52,
"2007-04-21","17:53:46",CHILE,SOUTHERN CHILE,-45.285,-72.606,4,3,6,50.0,7,10,
"2007-05-07",,BULGARIA,BLACK SEA,43.0,29.0,2,8,,3.0,2,,
"2007-05-19",,PAPUA NEW GUINEA,"RITTER ISLAND, PAPUA NEW GUINEA",-5.52,148.121,3,7,,10.0,2,,
"2007-06-15",,CHINA,"DAYANTANG, ENSHI",30.394,110.16,3,8,,50.0,8,8,
"2007-07-16","01:13:22",JAPAN,HONSHU: W COAST,37.57,138.478,4,1,6,,1,9,1088
"2007-08-02","02:37:42",RUSSIA,TATAR STRAIT,47.116,141.798,4,1,6,3.2,18,2,12
"2007-08-02","03:21:42",USA,"ALEUTIAN ISLANDS, AK",51.307,-179.971,4,1,6,0.03,1,,
"2007-08-15","23:40:57",PERU,S. PERU,-13.386,-76.603,4,1,8,10.05,135,514,1090
"2007-09-02","01:05:18",SOLOMON ISLANDS,SANTA CRUZ ISLANDS,-11.61,165.762,4,1,7,0.05,2,,
"2007-09-12","11:10:26",INDONESIA,SUMATRA,-4.438,101.367,4,1,8,5.0,56,25,161
"2007-09-30","05:23:34",NEW ZEALAND,AUCKLAND ISLANDS,-49.418,163.954,4,1,7,0.35,8,,
"2007-11-14","15:40:50",CHILE,NORTHERN CHILE,-22.247,-69.89,4,1,7,0.28,7,2,65
"2007-11-29","19:00:20",MARTINIQUE (FRENCH TERRITORY),MARTINIQUE,14.944,-61.274,1,1,7,,0,,
"2007-12-04",,CANADA,"CHEHALIS LAKE, CHILLIWACK",49.467,-122.01,4,8,,38.0,1,,
"2007-12-09","07:28:20",KERMADEC ISLANDS,KERMADEC ISLANDS,-25.996,-177.514,4,1,7,0.03,1,,
"2008-02-25","08:36:33",INDONESIA,SUMATRA,-2.486,99.972,4,1,6,0.12,1,,
"2008-04-09","12:46:12",NEW CALEDONIA,LOYALTY ISLANDS,-20.071,168.892,4,1,7,0.16,1,,
"2008-04-28","18:33:34",VANUATU,VANUATU ISLANDS,-19.941,168.953,1,1,6,0.03,2,,
"2008-05-04",,SOUTH KOREA,YELLOW SEA,,,3,9,,1.3,2,9,15
"2008-05-12","06:28:00",CHINA,SICHUAN PROVINCE,30.98,103.396,0,1,7,,1,87652,374171
"2008-06-13","23:43:45",JAPAN,"ARATOZAWA, JAPAN",39.03,140.881,4,3,6,2.5,0,23,357
"2008-07-19","02:39:28",JAPAN,OFF EAST COAST OF HONSHU ISLAND,37.552,142.214,4,1,6,0.2,3,,
"2008-08-08",,USA,"KASATOCHI VOLCANO, ALEUTIAN IS, AK",52.18,-175.5,4,6,,0.19,2,,
"2008-08-20","23:00:00",SOUTH AFRICA,SOUTHERN ATLANTIC OCEAN,-28.5,13.2,3,0,,2.55,2,,
"2008-09-11","00:20:50",JAPAN,HOKKAIDO ISLAND,41.892,143.754,4,1,6,0.09,1,6,77
"2008-10-28",,USA,MAINE,43.8,-69.7,3,9,,3.6,5,,
"2008-11-16","17:02:32",INDONESIA,SULAWESI,1.271,122.091,4,1,7,0.13,3,6,77
"2008-11-23",,CHINA,"WU GORGE, WUSHAN COUNTY",31.065,109.92,3,8,,13.1,1,,
"2009-01-03","19:43:50",INDONESIA,NEAR NORTH COAST,-0.414,132.885,4,1,7,0.39,24,5,250
"2009-01-03","22:33:40",INDONESIA,NEAR NORTH COAST,-0.691,133.305,3,1,7,,0,,
"2009-01-15","17:49:39",RUSSIA,KAMCHATKA,46.857,155.154,4,1,7,0.11,11,,
"2009-01-16",,USA,"COLUMBIA RIVER VALLEY, WA",,,3,8,,9.0,1,,
"2009-02-11","17:34:50",INDONESIA,CELEBES SEA,3.884,126.397,4,1,7,0.13,1,,64
"2009-02-24",,EAST CHINA SEA,E. CHINA SEA-S.JAPAN,,,4,9,,1.45,6,,
"2009-03-19","18:17:40",TONGA,TONGA,-23.046,-174.659,4,1,7,0.15,27,,
"2009-05-28","08:24:45",HONDURAS,OFF COAST OF HONDURAS,16.72,-86.236,4,1,7,4.0,2,7,40
"2009-06-23","14:19:22",PAPUA NEW GUINEA,SOLOMON SEA,-5.157,153.782,3,1,6,,1,,
"2009-07-01","09:30:10",GREECE,CRETE,34.164,25.471,4,1,6,0.3,3,,
"2009-07-15","09:22:29",NEW ZEALAND,OFF WEST COAST OF SOUTH ISLAND,-45.762,166.562,4,1,7,0.47,10,,
"2009-07-20",,CHINA,"XIAOWAN RESERVOIR, YUNNAN PROVINCE",24.75,100.0,3,8,,30.0,0,2,
"2009-08-10","19:55:35",INDIA,ANDAMAN ISLANDS,14.099,92.888,3,1,7,0.01,1,,
"2009-08-10","20:07:09",JAPAN,HONSHU: S COAST,34.743,138.264,4,1,6,0.6,5,1,123
"2009-08-16","07:38:21",INDONESIA,SUMATRA,-1.479,99.49,4,1,6,0.18,1,,9
"2009-08-25",,USA,"COLUMBIA RIVER VALLEY, WA",,,3,8,,,1,,2
"2009-09-02","07:55:01",INDONESIA,JAVA SEA,-7.782,107.297,4,1,7,0.4,2,81,1297
"2009-09-29","17:48:10",SAMOA,SAMOA ISLANDS,-15.489,-172.095,4,1,8,22.35,618,192,7
"2009-09-30","10:16:09",INDONESIA,SUMATRA,-0.72,99.867,4,1,7,0.27,1,1117,1214
"2009-10-07","22:03:14",VANUATU,VANUATU ISLANDS,-13.006,166.51,4,1,7,0.29,37,,
"2009-11-19",,BRAZIL,"PANTANO DO SUL, SANTA CATARINA",,,3,9,,3.0,1,,1
"2010-01-02",,SOUTH KOREA,CHEJU (JEJU) STRAIT,,,2,9,,,0,1,
"2010-01-03","21:48:05",SOLOMON ISLANDS,SOLOMON ISLANDS,-8.743,157.477,4,1,6,0.01,1,,
"2010-01-03","22:36:27",SOLOMON ISLANDS,SOLOMON ISLANDS,-8.799,157.346,4,1,7,7.52,51,,
"2010-01-05","12:15:32",SOLOMON ISLANDS,SOLOMON ISLANDS,-9.019,157.551,4,1,6,0.03,1,,
"2010-01-12","21:53:10",HAITI,HAITI & DOMINICAN REPUBLIC,18.457,-72.533,4,3,7,3.21,25,316000,300000
"2010-02-26","20:31:26",JAPAN,RYUKYU ISLANDS,25.93,128.425,3,1,7,0.1,2,,
"2010-02-27","06:34:11",CHILE,CENTRAL CHILE,-36.122,-72.898,4,1,8,29.0,684,558,12000
"2010-03-11","14:39:43",CHILE,CENTRAL CHILE,-34.29,-71.891,4,1,6,0.14,2,,
"2010-04-06","22:15:01",INDONESIA,SUMATRA,2.383,97.048,4,1,7,0.44,6,,
"2010-04-13",,PERU,"513 LAKE, HUALCAN GLACIER",-9.282,-77.645,3,8,,23.0,1,1,
"2010-04-13",,COOK ISLANDS,"MANGAIA ISLAND, COOK ISLANDS",-21.955,-157.92,2,0,,,1,,
"2010-05-27","17:14:46",VANUATU,VANUATU ISLANDS,-13.698,166.643,3,1,7,0.04,1,,
"2010-05-29","11:46:50",USA TERRITORY,"SOUTH OF SARIGAN IS, N. MARIANA IS",16.708,145.97,4,6,,0.04,1,,
"2010-06-12","19:26:50",INDIA,LITTLE NICOBAR ISLAND,7.881,91.936,4,1,7,0.03,2,,
"2010-07-18","13:34:59",PAPUA NEW GUINEA,SOLOMON SEA,-5.931,150.59,3,1,7,0.06,1,,
"2010-08-10","05:23:44",VANUATU,VANUATU ISLANDS,-17.541,168.069,4,1,7,0.23,1,,
"2010-08-13","21:19:33",USA TERRITORY,"GUAM, MARIANA ISLANDS",12.484,141.476,4,1,6,0.07,1,,
"2010-10-25","14:42:22",INDONESIA,SUMATRA,-3.487,100.082,4,1,7,16.9,358,431,
"2010-12-21","17:19:40",JAPAN,BONIN ISLANDS,26.901,143.698,4,1,7,0.13,4,,
"2010-12-25","13:16:37",VANUATU,VANUATU ISLANDS,-19.702,167.947,4,1,7,4.1,12,,4
"2011-01-09","10:03:44",VANUATU,VANUATU ISLANDS,-19.157,168.311,4,1,6,0.03,1,,
"2011-01-13","16:16:41",VANUATU,VANUATU ISLANDS,-20.628,168.471,3,1,7,0.04,1,,
"2011-02-11","20:05:30",CHILE,CENTRAL CHILE,-36.474,-73.125,4,1,6,0.15,1,,
"2011-02-17",,NORWAY,SVALBARD,78.37,16.62,4,8,,0.3,0,,
"2011-02-21","23:51:42",NEW ZEALAND,SOUTH ISLAND,-43.583,172.68,2,3,6,3.5,1,185,1500
"2011-03-09","02:45:20",JAPAN,HONSHU ISLAND,38.435,142.842,4,1,7,0.6,24,,
"2011-03-09","21:24:01",JAPAN,OFF SANRIKU,38.296,142.808,4,1,6,0.06,1,,
"2011-03-11","05:46:24",JAPAN,HONSHU ISLAND,38.297,142.373,4,1,9,39.26,6421,18428,6167
"2011-04-07","14:32:43",JAPAN,E. COAST HONSHU ISLAND,38.276,141.588,4,1,7,0.08,1,3,132
"2011-05-10","08:55:09",NEW CALEDONIA,LOYALTY ISLANDS,-20.244,168.226,4,1,6,0.03,1,,
"2011-06-24","03:09:39",USA,"ATKA, ALEUTIAN ISLANDS, AK",52.05,-171.836,4,1,7,0.1,7,,
"2011-06-27",,UK,"PLYMOUTH, ENGLAND",50.5,-3.0,2,9,,0.4,4,,
"2011-07-06","19:03:18",NEW ZEALAND,KERMADEC ISLANDS,-29.539,-176.34,4,1,7,1.2,24,,
"2011-07-10","00:57:10",JAPAN,OFF EAST COAST OF HONSHU ISLAND,38.034,143.264,4,1,7,0.09,3,,
"2011-07-30","05:30:00",NORWAY,"LYSEFJOREN, WESTERN NORWAY",59.05,6.64,3,8,,1.5,1,,
"2011-08-06","12:55:00",NORWAY,"LYSEFJOREN, WESTERN NORWAY",59.05,6.64,3,8,,,0,,
"2011-08-20","16:55:02",VANUATU,VANUATU ISLANDS,-18.365,168.143,4,1,7,0.19,4,,
"2011-08-20","18:19:23",VANUATU,VANUATU ISLANDS,-18.311,168.218,4,1,7,0.15,1,,
"2011-09-02","10:55:53",USA,"FOX ISLANDS, ALEUTIAN ISLANDS, AK",52.171,-171.708,4,1,6,0.06,1,,
"2011-10-21","17:57:16",NEW ZEALAND,KERMADEC ISLANDS,-28.993,-176.238,4,1,7,0.14,3,,
"2012-01-09","04:07:14",SOLOMON ISLANDS,SANTA CRUZ ISLANDS,-10.617,165.16,3,1,6,0.03,1,,
"2012-02-02","13:34:40",VANUATU,VANUATU ISLANDS,-17.827,167.133,4,1,7,0.08,1,,
"2012-03-03","12:19:55",NEW CALEDONIA,LOYALTY ISLANDS,-22.141,170.34,3,1,6,0.04,1,,
"2012-03-09","07:09:50",VANUATU,OFF EAST COAST OF VANUATU,-19.125,169.613,4,1,6,0.05,3,,
"2012-03-14","09:08:35",JAPAN,HOKKAIDO ISLAND,40.887,144.944,4,1,6,0.2,2,,
"2012-03-20","18:02:47",MEXICO,S. MEXICO,16.493,-98.231,4,1,7,0.2,2,2,13
"2012-04-11","08:38:36",INDONESIA,OFF W. COAST OF N SUMATRA,2.327,93.063,4,1,8,1.08,25,10,12
"2012-04-11","10:43:10",INDONESIA,OFF W. COAST OF N SUMATRA,0.802,92.463,4,1,8,,4,,
"2012-04-14","22:05:26",VANUATU,VANUATU ISLANDS,-18.972,168.741,4,1,6,,1,,
"2012-07-15",,GREENLAND,"ILULISSAT ICEFJORD, GREENLAND",69.2,-51.3,4,8,,,0,,
"2012-08-27","04:37:19",EL SALVADOR,EL SALVADOR-NICARAGUA,12.139,-88.59,4,1,7,6.3,39,,40
"2012-08-31","12:47:33",PHILIPPINES,PHILIPPINE ISLANDS,10.811,126.638,4,1,7,0.15,17,1,1
"2012-09-05","14:42:07",COSTA RICA,COSTA RICA,10.085,-85.315,4,1,7,0.16,5,2,20
"2012-10-28","03:04:08",CANADA,BRITISH COLUMBIA,52.788,-132.101,4,1,7,12.98,178,1,
"2012-11-07","16:35:46",GUATEMALA,GUATEMALA,13.988,-91.895,4,1,7,0.35,7,48,155
"2012-12-07","08:18:23",JAPAN,OFF EAST COAST OF HONSHU ISLAND,37.89,143.949,4,1,7,1.0,3,,11
"2012-12-28",,CHINA,"ZHAOJUN BRIDGE, HUBEI PROVINCE",31.255,110.733,3,8,,5.2,0,,
"2013-01-05","08:58:19",USA,"SE. ALASKA, AK",55.393,-134.652,4,3,7,1.5,8,,
"2013-02-06","01:12:25",SOLOMON ISLANDS,SANTA CRUZ ISLANDS,-10.766,165.114,4,1,7,11.0,124,10,15
"2013-02-08","15:26:38",SOLOMON ISLANDS,SANTA CRUZ ISLANDS,-10.928,166.018,4,1,7,0.09,1,,
"2013-02-11",,ARGENTINA,LAGO ARGENTINO,-49.967,-73.267,3,8,,2.0,0,,
"2013-04-19","03:05:52",RUSSIA,S. KURIL ISLANDS,46.221,150.788,2,1,7,0.2,1,,
"2013-04-22","01:16:32",MEXICO,MEXICO,18.081,-102.182,3,1,6,0.13,1,,
"2013-06-13",,USA,NORTHWEST ATLANTIC OCEAN,,,4,9,,1.8,38,,2
"2013-06-15","16:11:02",GREECE,CRETE,34.4,25.02,3,1,6,0.01,1,,
"2013-07-21","05:09:31",NEW ZEALAND,COOK STRAIT,-41.704,174.337,4,1,6,0.07,2,,5
"2013-08-16","02:31:05",NEW ZEALAND,WELLINGTON,-41.734,174.152,4,1,6,0.08,2,,
"2013-09-24",,PAKISTAN,OFF COAST GWADAR,25.18,62.26,4,3,7,0.57,11,825,619
"2013-09-30","05:55:55",NEW ZEALAND,"S OF RAOUL ISLAND, KERMADEC ISLANDS",-30.926,-178.323,3,1,6,0.07,2,,
"2013-10-12","13:11:53",GREECE,CRETE,35.514,23.252,4,1,6,0.01,1,,1
"2013-10-25","17:10:19",JAPAN,E. COAST HONSHU ISLAND,37.156,144.661,4,1,7,0.4,9,,1
"2013-11-17","09:04:55",ANTARCTICA,SCOTIA SEA,-60.274,-46.401,4,1,7,0.15,2,,
"2014-01-29","15:31:00",NORWAY,STATLAND,64.495,11.153,4,8,,8.2,3,,1
"2014-02-09","10:30:00",BRAZIL,"CASSINO BEACH, RIO GRANDE DO SUL",,,4,9,,1.0,2,,
"2014-03-16","21:16:29",CHILE,NORTHERN CHILE,-19.981,-70.702,4,1,6,0.26,7,,
"2014-04-01","23:46:47",CHILE,NORTHERN CHILE,-19.61,-70.769,4,1,8,4.63,201,7,
"2014-04-03","02:43:13",CHILE,NORTHERN CHILE,-20.571,-70.493,4,1,7,0.74,5,,
"2014-04-12","20:14:39",SOLOMON ISLANDS,SOLOMON ISLANDS,-11.27,162.148,4,1,7,0.05,8,,
"2014-04-13","12:36:19",SOLOMON ISLANDS,SOLOMON ISLANDS,-11.463,162.051,4,1,7,0.16,9,,
"2014-04-18","14:27:24",MEXICO,S. MEXICO,17.397,-100.972,4,1,7,0.43,3,,
"2014-04-19","13:29:21",PAPUA NEW GUINEA,SOLOMON SEA,-6.755,155.024,4,1,7,0.11,1,,
"2014-05-24","09:25:02",GREECE,NORTH AEGEAN SEA,40.289,25.389,4,1,6,0.16,1,3,310
"2014-06-23","19:19:15",NEW ZEALAND,"S OF RAOUL ISLAND, KERMADEC ISLANDS",-29.977,-177.725,4,1,6,0.13,5,,
"2014-06-23","20:53:09",USA,"ALEUTIAN ISLANDS, AK",51.849,178.735,4,1,7,0.17,20,,
"2014-06-23",,SPAIN,MEDITERRANEAN AND BLACK SEAS,,,4,9,,2.5,5,,15
"2014-06-27","10:37:00",UKRAINE,ODESSA,46.32,30.67,4,8,,2.0,0,,
"2014-07-02","14:06:00",GREENLAND,"ILULISSAT ICEFJORD, GREENLAND",69.8,-50.217,4,8,,10.0,1,,
"2014-07-11","19:23:00",JAPAN,SANRIKU,37.005,142.453,4,1,6,0.2,6,,
"2014-07-21","23:24:00",ICELAND,ASKJA LAKE,65.02,-16.7,4,8,,60.0,1,,
"2014-07-25","10:54:50",USA,"PALMA BAY, AK",58.335,-136.971,4,1,6,0.08,1,,
"2014-10-09","02:14:31",CHILE,EASTER ISLAND REGION,-32.108,-110.811,4,1,7,0.47,5,,
"2014-10-14","03:51:34",EL SALVADOR,GULF OF FONSECA,12.526,-88.123,4,1,7,0.02,2,1,
"2014-11-15","02:31:41",INDONESIA,N. MOLUCCAS ISLANDS,1.893,126.522,3,1,7,0.09,3,,
"2015-02-16","23:06:28",JAPAN,HONSHU,39.856,142.881,4,1,6,0.27,3,,
"2015-02-19","13:18:32",VANUATU,VANUATU ISLANDS,-16.431,168.148,4,1,6,8.0,6,,
"2015-03-29","23:48:31",PAPUA NEW GUINEA,BISMARCK SEA,-4.729,152.562,4,1,7,0.5,2,,
"2015-05-02","16:50:43",JAPAN,S. OF HONSHU ISLAND,31.529,140.213,3,1,5,0.6,16,,
"2015-05-05","01:44:06",PAPUA NEW GUINEA,NEW BRITAIN,-5.462,151.875,3,1,7,1.0,1,,
"2015-05-10",,NORWAY,NORTHERN NORWAY,69.8,20.92,4,8,,,0,,
"2015-06-24",,CHINA,"WUSHAN, CHONGQING",31.077,109.896,4,8,,6.2,1,2,4
"2015-07-01",,SCOTLAND,NORTH SEA,,,3,9,,0.18,3,,1
"2015-07-10","04:12:42",SOLOMON ISLANDS,SOLOMON ISLANDS,-9.307,158.403,4,1,6,0.01,1,,
"2015-07-18","02:27:33",SOLOMON ISLANDS,SANTA CRUZ ISLANDS,-10.401,165.141,4,1,7,0.09,5,,
"2015-07-27","04:49:46",USA,"FOX ISLANDS, ALEUTIAN ISLANDS, AK",52.376,-169.446,4,1,6,0.08,2,,
"2015-09-16","22:54:32",CHILE,CENTRAL CHILE,-31.573,-71.674,4,1,8,13.6,1128,15,14
"2015-10-18","05:19:00",USA,"ICY BAY, AK",60.08,-141.3,4,8,,193.0,3,,
"2015-11-11","01:54:38",CHILE,CENTRAL CHILE,-29.507,-72.007,4,1,6,0.55,2,,
"2015-11-13","20:51:31",JAPAN,JAPAN,31.001,128.873,4,1,6,0.3,1,,
"2015-11-17","07:10:07",GREECE,IONIAN SEA,38.67,20.6,4,3,6,0.15,1,2,8
"2015-11-18","18:31:04",SOLOMON ISLANDS,SOLOMON ISLANDS,-8.899,158.422,4,1,6,0.1,1,,
"2016-01-25","04:22:02",MOROCCO,MOROCCO,35.649,-3.682,4,1,6,0.02,2,1,26
"2016-03-02","12:49:48",INDONESIA,SW. SUMATRA,-4.952,94.33,4,1,7,0.21,13,,
"2016-04-03","08:23:52",VANUATU,VANUATU ISLANDS,-14.324,166.855,3,1,6,0.03,2,,
"2016-04-16","23:58:37",ECUADOR,OFF COAST,0.382,-79.922,4,1,7,0.6,7,663,6274
"2016-04-28","19:33:24",VANUATU,VANUATU ISLANDS,-16.043,167.379,3,1,7,0.02,2,,
"2016-08-12","01:26:36",NEW CALEDONIA,LOYALTY ISLANDS,-22.477,173.117,4,1,7,0.19,1,,
"2016-08-19","07:32:22",UK TERRITORY,SOUTHERN ATLANTIC OCEAN,-55.285,-31.877,3,1,7,0.1,1,,
"2016-08-20","09:01:26",JAPAN,SANRIKU,40.394,143.68,4,1,6,0.01,0,,
"2016-09-01","16:37:57",NEW ZEALAND,GISBORNE,-37.359,179.146,4,1,7,0.21,4,,
"2016-10-16",,BRAZIL,ARARANGUA,,,3,9,,,1,1,
"2016-11-13","11:02:56",NEW ZEALAND,OFF EAST COAST OF SOUTH ISLAND,-42.737,173.054,4,1,7,6.9,17,2,
"2016-11-21","20:59:49",JAPAN,E. COAST HONSHU ISLAND,37.393,141.387,4,1,6,1.44,44,,
"2016-11-24","18:43:47",NICARAGUA,NICARAGUA,11.91,-88.897,4,1,6,0.08,3,,
"2016-12-08","17:38:46",SOLOMON ISLANDS,SOLOMON ISLANDS,-10.681,161.327,4,1,7,0.43,13,1,
"2016-12-09","19:10:06",SOLOMON ISLANDS,SOLOMON ISLANDS,-10.749,161.132,4,1,6,0.05,5,,
"2016-12-17","10:51:10",PAPUA NEW GUINEA,SOLOMON SEA,-4.505,153.522,4,1,7,0.08,5,,
"2016-12-25","14:22:27",CHILE,SOUTHERN CHILE,-43.406,-73.941,4,1,7,0.44,4,,
"2017-01-03","21:52:30",FIJI,FIJI ISLANDS,-19.373,176.052,4,1,6,0.07,2,,
"2017-01-22","04:30:23",PAPUA NEW GUINEA,BOUGAINVILLE ISLAND,-6.246,155.172,4,1,7,0.04,1,3,
"2017-03-19","04:30:00",IRAN,PERSIAN GULF,27.835,51.94,4,9,,3.0,27,5,22
"2017-04-24","21:38:30",CHILE,CENTRAL CHILE,-33.038,-72.062,4,1,6,0.16,4,,
"2017-04-28","20:23:17",PHILIPPINES,"SOCCSKSARGEN, PHILIPPINES",5.504,125.066,4,1,6,0.2,1,,7
"2017-05-01","12:31:03",USA,"SKAGWAY, AK",59.821,-136.711,4,1,6,0.06,1,,
"2017-05-29","03:45:00",NETHERLANDS,NORTH SEA,,,3,9,,2.0,2,,
"2017-06-12","12:28:39",GREECE,LESBOS,38.93,26.365,4,1,6,0.2,2,1,15
"2017-06-17","23:39:17",GREENLAND,"KARRAT FJORD, GREENLAND",71.813,-52.569,4,8,,90.0,5,4,9
"2017-07-13","03:36:08",PAPUA NEW GUINEA,SOLOMON SEA,-4.779,153.211,3,1,6,0.04,2,,
"2017-07-17","23:34:13",RUSSIA,BERING ISLAND,54.443,168.857,4,1,7,0.1,1,,
"2017-07-19","12:50:00",COLOMBIA,OFF THE COAST NEAR SANTA MARTA,11.0,-74.3,4,8,,8.0,7,,
"2017-07-20","22:31:11",TURKEY,GULF OF GKOVA,36.929,27.414,4,1,6,1.9,40,2,500
"2017-09-08","04:49:19",MEXICO,S. MEXICO,15.022,-93.899,4,1,8,2.7,68,98,251
"2017-10-31","00:42:08",NEW CALEDONIA,LOYALTY ISLANDS,-21.697,169.149,4,1,6,0.15,4,,
"2017-11-01","02:23:57",NEW CALEDONIA,LOYALTY ISLANDS,-21.648,168.859,4,1,6,0.1,4,,
"2017-11-05","09:00:00",VIETNAM,QUANG NAM,15.317,108.249,3,8,,8.5,1,1,3
"2017-11-19","09:25:48",NEW CALEDONIA,LOYALTY ISLANDS,-21.638,168.673,4,1,6,0.05,1,,
"2017-11-19","15:09:02",NEW CALEDONIA,LOYALTY ISLANDS,-21.503,168.598,4,1,6,0.08,1,,
"2017-11-19","22:43:29",NEW CALEDONIA,LOYALTY ISLANDS,-21.325,168.672,4,1,7,0.37,6,,
"2017-12-08",,KERMADEC ISLANDS,KERMADEC ISLANDS,-30.0,-179.0,3,0,,0.5,6,,
"2018-01-10","02:51:33",HONDURAS,OFF COAST OF HONDURAS,17.483,-83.52,4,1,7,0.4,8,,
"2018-01-14","09:18:45",PERU,S. PERU,-15.768,-74.709,4,1,7,0.15,4,,
"2018-01-23","09:31:40",USA,"KODIAK ISLAND, AK",56.004,-149.166,4,1,7,0.25,64,,
"2018-02-09",,PAPUA NEW GUINEA,"KADOVAR ISLAND, PAPUA NEW GUINEA",-3.608,144.588,4,6,,1.0,1,,
"2018-05-04","22:32:37",USA,HAWAII,19.318,-155.0,4,4,6,0.4,7,,1
"2018-05-06","06:03:59",JAPAN,S. OF HONSHU ISLAND,31.444,140.193,4,1,5,0.15,1,,
"2018-05-15",,USA,NORTHEAST U.S.A.,,,4,9,,0.22,10,,
"2018-07-16",,SPAIN,BALEARIC ISLANDS,,,3,9,,0.75,3,1,
"2018-07-28","22:47:38",INDONESIA,BALI SEA,-8.24,116.508,3,1,6,2.5,2,17,355
"2018-08-05","11:46:38",INDONESIA,BALI SEA,-8.258,116.438,4,1,6,2.0,6,560,7733
"2018-08-19","00:19:40",FIJI,FIJI ISLANDS,-18.113,-178.153,4,1,8,,0,,
"2018-08-19","04:11:04",INDONESIA,BALI SEA,-8.337,116.599,3,1,6,,0,2,1
"2018-08-21","21:31:47",VENEZUELA,SUCRE,10.773,-62.902,2,1,7,,1,5,
"2018-08-29","03:51:56",NEW CALEDONIA,LOYALTY ISLANDS,-22.03,170.126,4,1,7,0.27,8,,
"2018-09-28","10:02:45",INDONESIA,SULAWESI,-0.256,119.846,4,3,7,10.73,291,4340,10679
"2018-10-16","01:03:43",NEW CALEDONIA,LOYALTY ISLANDS,-21.743,169.522,4,1,6,0.05,1,,
"2018-10-25","22:54:52",GREECE,IONIAN SEA,37.52,20.557,4,1,6,1.5,12,,3
"2018-12-05","04:18:42",NEW CALEDONIA,LOYALTY ISLANDS,-21.95,169.427,4,1,7,4.0,35,,
"2018-12-11","04:48:00",RUSSIA,"BUREYA, FAR EASTERN RUSSIA",50.559,131.472,4,8,,90.0,49,,
"2018-12-20","17:01:55",RUSSIA,KAMCHATKA,55.1,164.699,2,1,7,,0,,
"2018-12-22","13:55:00",INDONESIA,KRAKATAU,-6.102,105.423,4,7,,85.0,410,437,31943
"2019-03-14",,ANTARCTICA,DALK GLACIER,-69.417,76.45,4,8,,0.58,1,,
"2019-03-20",,JAPAN,"NAGASAKI, JAPAN",,,3,9,,2.9,2,,
"2019-04-14","23:17:00",USA,LAKE ERIE,,,4,9,,1.2,2,,
"2019-05-02","18:53:00",COSTA RICA,IRAZU VOLCANO,9.979,-83.852,3,7,,,0,,
"2019-05-14","12:58:25",PAPUA NEW GUINEA,"RABAUL, NEW BRITAIN",-4.051,152.597,2,1,7,,0,,
"2019-06-14","00:19:12",CHILE,CENTRAL CHILE,-30.056,-72.082,4,1,6,0.07,1,,
"2019-06-15","22:55:02",NEW ZEALAND,"S OF RAOUL ISLAND, KERMADEC ISLANDS",-30.805,-178.095,4,1,7,0.14,10,,
"2019-06-18","13:22:19",JAPAN,NIIGATA,38.646,139.472,4,1,6,0.11,8,,28
"2019-06-26","02:18:07",RUSSIA,KAMCHATKA,56.182,164.088,2,1,6,,0,,
"2019-07-03","14:45:42",ITALY,STROMBOLI ISLAND,38.789,15.213,4,6,,1.3,4,1,1
"2019-08-02","12:03:27",INDONESIA,W. JAVA,-7.282,104.791,2,1,6,,6,8,8
"2019-08-28","10:17:15",ITALY,STROMBOLI ISLAND,38.789,15.213,3,6,,0.3,2,,
"2019-10-29",,BRAZIL,"IMBITUBA, SANTA CATARINA",,,4,9,,0.59,1,,
"2019-11-14","16:17:40",INDONESIA,N. MOLUCCAS ISLANDS,1.6,126.416,4,1,7,0.11,8,1,3
"2020-01-07","08:24:26",USA TERRITORY,PUERTO RICO,17.916,-66.813,4,1,6,0.06,6,4,
"2020-01-28","19:10:25",CUBA,OFF SE COAST OF CUBA,19.44,-78.755,4,1,7,0.11,2,,
"2020-02-23",,BRAZIL,"UBATUBA, SAO PAULO",,,3,9,,,1,,
"2020-03-14","10:01:17",KERMADEC ISLANDS,KERMADEC ISLANDS,-27.367,-175.61,3,1,6,0.02,3,,
"2020-03-14",,BRAZIL,"CASSINO BEACH, RIO GRANDE DO SUL",,,3,9,,,1,,
"2020-03-25","02:49:21",RUSSIA,N. KURIL ISLANDS,48.986,157.693,4,1,7,0.25,16,,
"2020-04-23",,USA,GULF OF MEXICO,,,4,9,,0.5,1,,
"2020-05-02","12:51:06",GREECE,CRETE,34.205,25.712,4,1,6,0.95,15,,
"2020-05-29","05:30:00",INDONESIA,LESSER SUNDA: BALI: IJEN VOLCANO,-8.058,114.242,2,4,,3.0,1,1,
"2020-06-13",,USA,GULF OF MEXICO,,,4,9,,0.5,1,,
"2020-06-18","12:49:53",NEW ZEALAND,"S OF RAOUL ISLAND, KERMADEC ISLANDS",-33.294,-177.838,4,1,7,0.11,4,,
"2020-06-23","15:29:05",MEXICO,OFF COAST OF OAXACA,16.029,-95.901,4,1,7,1.57,9,10,24
"2020-07-22","06:12:44",USA,"SHUMAGIN ISLANDS, AK",55.03,-158.522,4,1,7,0.24,13,,
"2020-10-19","20:54:39",USA,"SHUMAGIN ISLANDS, AK",54.608,-159.655,4,1,7,0.76,33,,
"2020-10-30","11:51:27",TURKEY,AEGEAN SEA,37.918,26.79,4,1,7,5.3,268,118,1054
"2020-11-14","15:00:00",SPAIN,"VALLE GRAN REY, LA GOMERA ISLAND",28.08,-17.325,4,8,,0.5,1,,
"2020-11-28",,CANADA,"ELLIOT CREEK, BC",50.97,-124.6,3,8,,,0,,
"2020-12-27","21:39:14",CHILE,CENTRAL CHILE,-39.343,-74.99,4,1,6,0.16,1,,
"2021-01-23","23:36:50",ANTARCTICA,SCOTIA SEA,-61.825,-55.494,4,1,6,0.04,2,,
"2021-02-10","13:19:55",NEW CALEDONIA,LOYALTY ISLANDS,-23.054,171.601,4,1,7,0.78,40,,
"2021-02-13","14:07:50",JAPAN,OFF FUKUSHIMA PREFECTURE,37.745,141.749,4,1,7,0.1,4,1,186
"2021-03-04","13:27:36",NEW ZEALAND,GISBORNE,-37.563,179.444,4,1,7,0.28,9,,
"2021-03-04","17:41:25",NEW ZEALAND,"S OF RAOUL ISLAND, KERMADEC ISLANDS",-29.613,-177.843,4,1,7,0.31,11,,
"2021-03-04","19:28:31",NEW ZEALAND,"S OF RAOUL ISLAND, KERMADEC ISLANDS",-29.74,-177.267,4,1,8,1.0,174,,
"2021-03-18","00:04:06",ALGERIA,N. ALGERIA,36.915,5.199,4,1,6,0.05,5,,17
"2021-04-19",,SAINT VINCENT AND THE GRENADINES,SOUFRIERE VOLCANO,13.33,-61.18,4,6,,0.1,4,,
"2021-05-19","12:51:00",ITALY,STROMBOLI ISLAND,38.789,15.213,4,6,,0.36,2,,
"2021-06-16","04:43:07",INDONESIA,BANDA SEA,-3.593,129.503,4,3,5,0.51,3,,
"2021-07-29","06:15:47",USA,"KODIAK ISLAND, AK",55.325,-157.841,4,1,8,0.42,63,,
"2021-08-11","17:46:14",PHILIPPINES,"MINDANAO ISLAND, PHILIPPINES",6.455,126.742,4,1,7,0.05,2,1,
"2021-08-12","18:35:20",UK TERRITORY,SOUTHERN ATLANTIC OCEAN,-58.416,-25.321,4,1,8,0.64,72,,
"2021-08-14","12:29:08",HAITI,PORT-AU-PRINCE,18.408,-73.475,4,1,7,,3,2248,12763
"2021-09-08","01:47:47",MEXICO,S. MEXICO,16.982,-99.773,4,1,7,0.48,1,3,
"2021-10-12","09:24:03",GREECE,CRETE,35.193,26.256,2,1,6,,0,,
"2021-12-14","03:20:24",INDONESIA,FLORES SEA,-7.603,122.2,4,1,7,0.07,2,,1
"2022-01-13",,TONGA,TONGA ISLANDS,-20.536,-175.382,4,6,,0.15,1,,
"2022-01-15","04:14:45",TONGA,TONGA ISLANDS,-20.536,-175.382,4,6,,22.0,783,6,20
"2022-01-16",,TONGA,TONGA ISLANDS,-20.536,-175.382,4,6,,0.36,1,,
"2022-01-29","02:46:39",NEW ZEALAND,KERMADEC ISLANDS,-29.531,-176.749,4,1,6,0.1,1,,
"2022-03-16","14:36:33",JAPAN,OFF FUKUSHIMA PREFECTURE,37.702,141.587,4,1,7,0.31,11,4,247
"2022-03-30","20:56:58",NEW CALEDONIA,LOYALTY ISLANDS,-22.716,170.286,4,1,6,0.07,3,,
"2022-03-31","05:44:01",NEW CALEDONIA,LOYALTY ISLANDS,-22.579,170.354,4,1,7,0.05,1,,
"2022-04-12","07:00:00",PHILIPPINES,"ABUYOG, LEYTE",10.715,125.04,3,8,,,0,170,
"2022-05-08","03:40:00",USA,"RESURRECTION BAY, AK",60.092,-149.444,4,8,,0.06,1,,
"2022-05-25","21:43:02",MEXICO,S. MEXICO,16.325,-95.856,3,1,5,0.24,4,,
"2022-06-29","14:15:00",CHILE,TODOS LOS SANTOS LAKE,-41.142,-72.396,4,8,,0.8,1,,
"2022-07-27","00:43:24",PHILIPPINES,N. LUZON ISLAND,17.56,120.801,4,1,7,0.08,1,11,609
"2022-09-19","18:05:06",MEXICO,MEXICO,18.367,-103.252,4,1,7,0.79,14,2,10
"2022-09-22","06:16:09",MEXICO,S. MEXICO,18.308,-102.923,2,1,6,0.09,3,2,3
"2022-10-09","07:23:00",ITALY,STROMBOLI ISLAND,38.789,15.213,4,6,,0.04,2,,
"2022-11-11","10:48:45",TONGA,TONGA ISLANDS,-19.318,-172.1,4,1,7,0.12,4,,
"2022-11-18","13:37:08",INDONESIA,SW. SUMATRA,-4.904,100.786,4,1,6,0.25,4,,
"2022-11-22","02:03:07",SOLOMON ISLANDS,SOLOMON ISLANDS,-9.812,159.596,4,1,7,0.03,1,,3
"2022-11-30","10:48:00",NEW ZEALAND,"LAKE TAUPO, NORTH ISLAND",-38.808,175.906,4,1,5,1.0,4,,
"2022-12-04",,ITALY,STROMBOLI ISLAND,38.789,15.213,4,6,,0.75,3,,
"2022-12-07",,ARGENTINA,MAR DEL PLATA,,,4,9,,0.46,9,,
"2023-01-09","17:47:35",INDONESIA,SOUTH MALUKU,-7.049,130.038,4,1,7,0.09,2,1,11
"2023-01-31",,VANUATU,EAST EPI VOLCANO,-16.68,168.37,4,6,,0.05,2,,
"2023-02-06","01:17:35",TURKEY,GULF OF ISKENDERUN,37.166,37.042,4,1,7,0.25,14,56697,119200
"2023-02-06","10:24:29",TURKEY,EASTERN TURKEY,38.024,37.203,0,1,7,,5,,
"2023-02-20","17:04:29",TURKEY,"ANTALYA, TURKEY",36.109,36.017,0,1,6,,1,6,764
"2023-03-16","00:56:02",KERMADEC ISLANDS,"SE RAOUL ISLAND, KERMADEC ISLANDS",-30.115,-176.112,4,1,7,0.11,2,,
"2023-04-24","00:41:55",NEW ZEALAND,"S OF RAOUL ISLAND, KERMADEC ISLANDS",-29.968,-177.826,4,1,7,0.11,3,,
"2023-04-24","20:00:57",INDONESIA,SW. SUMATRA,-0.799,98.524,4,1,7,0.11,1,,
"2023-05-05","05:42:04",JAPAN,"NOTO PENINSULA, JAPAN",37.54,137.305,4,1,6,0.1,2,1,34
"2023-05-19","02:57:06",NEW CALEDONIA,LOYALTY ISLANDS,-23.229,170.694,4,1,7,0.61,27,,
"2023-05-20","01:51:01",NEW CALEDONIA,LOYALTY ISLANDS,-23.062,170.456,4,1,7,0.14,4,,
"2023-06-21",,USA,GULF OF MEXICO,,,4,9,,0.6,1,,
"2023-07-16","06:48:22",USA,"SAND POINT, AK",54.46,-160.76,4,1,7,0.15,3,1,
"2023-09-16","12:35:03",GREENLAND,"DICKSON FJORD, GREENLAND",72.81,-26.95,4,8,,200.0,3,,
"2023-10-05","01:59:58",JAPAN,"IZU ISLANDS, JAPAN",29.94,139.95,4,1,6,0.3,1,,
"2023-10-08",,JAPAN,"IZU ISLANDS, JAPAN",29.7,139.9,4,0,,0.6,16,,
"2023-11-22","04:47:33",VANUATU,VANUATU ISLANDS,-14.985,167.983,4,1,6,0.06,1,,
"2023-12-02","14:37:03",PHILIPPINES,E. MINDANAO ISLAND,8.527,126.449,4,1,7,0.32,29,3,79
"2023-12-07","12:56:30",VANUATU,VANUATU ISLANDS,-20.659,169.206,4,1,7,0.08,3,,
"2024-01-01","07:10:09",JAPAN,HONSHU: W COAST,37.498,137.242,4,3,7,7.23,394,515,1394
"2024-04-02","23:58:11",TAIWAN,E. TAIWAN-RYUKYU ISLANDS,23.819,121.562,4,1,7,1.0,12,20,1145
"2024-06-28","05:36:37",PERU,S. PERU,-15.811,-74.445,4,1,7,0.2,1,,42
"2024-08-07","12:54:49",USA,"PEDERSEN LAGOON, AK",59.904,-149.825,4,8,,17.0,3,,
"2024-08-08","07:42:55",JAPAN,HYUGANADA SEA,31.719,131.527,4,1,7,0.5,10,,14
"2024-08-17","19:10:26",RUSSIA,KAMCHATKA,52.924,160.141,4,1,7,0.0,1,,
"2024-09-23","23:14:19",JAPAN,"IZU ISLANDS, JAPAN",31.546,140.064,4,1,5,0.5,6,,
"2024-11-16",,USA,"COLUMBIA RIVER VALLEY, WA",48.57,-118.15,3,8,,9.0,2,,
"2024-12-05","18:44:21",USA,"CAPE MENDOCINO, N. CALIFORNIA",40.374,-125.022,4,1,7,0.09,3,,
"2024-12-17","01:47:26",VANUATU,VANUATU ISLANDS,-17.686,168.034,4,1,7,0.25,2,14,265
"2024-12-23",,CANADA,"WHITEHORSE, YUKON",60.861,-135.418,3,8,,2.5,0,,
"2024-12-27",,PERU,PERU-ECUADOR-CHILE,,,-1,9,,4.0,0,3,
"2025-01-13","12:19:32",JAPAN,HYUGANADA SEA,31.806,131.565,4,1,6,0.2,5,,
"2025-02-08","23:23:14",HONDURAS,NORTH OF HONDURAS,17.702,-82.456,4,1,7,0.04,1,,
,,ANTARCTICA,DALK GLACIER,-69.417,76.45,3,8,,1.0,1,,
